instance_name,source,target,label
eil51-m2,0,26,1
eil51-m2,0,47,1
eil51-m2,0,50,0
eil51-m2,1,15,0
eil51-m2,1,28,0
eil51-m2,1,21,1
eil51-m2,1,49,0
eil51-m2,1,37,0
eil51-m2,2,35,1
eil51-m2,2,21,0
eil51-m2,2,7,0
eil51-m2,3,17,1
eil51-m2,3,46,0
eil51-m2,4,37,1
eil51-m2,4,45,0
eil51-m2,5,13,1
eil51-m2,5,50,0
eil51-m2,5,45,0
eil51-m2,6,25,1
eil51-m2,7,30,1
eil51-m2,7,47,0
eil51-m2,7,27,0
eil51-m2,7,6,0
eil51-m2,8,49,1
eil51-m2,8,20,0
eil51-m2,9,48,1
eil51-m2,9,14,0
eil51-m2,10,31,1
eil51-m2,10,50,0
eil51-m2,10,0,0
eil51-m2,11,45,0
eil51-m2,11,50,0
eil51-m2,11,4,1
eil51-m2,11,16,0
eil51-m2,11,10,0
eil51-m2,12,40,1
eil51-m2,12,24,0
eil51-m2,12,3,0
eil51-m2,12,39,0
eil51-m2,12,41,0
eil51-m2,13,24,1
eil51-m2,13,46,0
eil51-m2,13,50,0
eil51-m2,14,36,1
eil51-m2,15,8,0
eil51-m2,15,1,1
eil51-m2,16,3,1
eil51-m2,16,14,0
eil51-m2,17,46,1
eil51-m2,17,24,0
eil51-m2,17,50,0
eil51-m2,18,41,1
eil51-m2,18,3,0
eil51-m2,18,43,0
eil51-m2,18,16,0
eil51-m2,19,28,1
eil51-m2,19,21,0
eil51-m2,20,49,0
eil51-m2,20,33,1
eil51-m2,20,19,0
eil51-m2,20,48,0
eil51-m2,21,0,1
eil51-m2,21,1,0
eil51-m2,22,6,1
eil51-m2,22,7,0
eil51-m2,22,24,0
eil51-m2,23,42,1
eil51-m2,23,5,0
eil51-m2,23,24,0
eil51-m2,24,13,0
eil51-m2,24,12,1
eil51-m2,24,23,0
eil51-m2,24,22,0
eil51-m2,25,7,1
eil51-m2,25,21,0
eil51-m2,25,0,0
eil51-m2,26,31,0
eil51-m2,26,5,1
eil51-m2,26,7,0
eil51-m2,26,11,0
eil51-m2,27,2,1
eil51-m2,27,21,0
eil51-m2,28,20,1
eil51-m2,28,1,0
eil51-m2,28,15,0
eil51-m2,28,33,0
eil51-m2,28,2,0
eil51-m2,29,48,0
eil51-m2,29,49,0
eil51-m2,29,38,1
eil51-m2,29,20,0
eil51-m2,30,27,1
eil51-m2,30,25,0
eil51-m2,30,2,0
eil51-m2,30,19,0
eil51-m2,31,0,1
eil51-m2,32,14,1
eil51-m2,32,9,0
eil51-m2,32,38,0
eil51-m2,32,29,0
eil51-m2,32,16,0
eil51-m2,33,29,1
eil51-m2,33,20,0
eil51-m2,33,15,0
eil51-m2,33,9,0
eil51-m2,34,19,1
eil51-m2,35,34,1
eil51-m2,35,2,0
eil51-m2,35,19,0
eil51-m2,35,28,0
eil51-m2,35,1,0
eil51-m2,35,30,0
eil51-m2,35,20,0
eil51-m2,36,16,1
eil51-m2,36,14,0
eil51-m2,37,10,1
eil51-m2,37,8,0
eil51-m2,37,48,0
eil51-m2,37,1,0
eil51-m2,38,9,1
eil51-m2,38,32,0
eil51-m2,38,4,0
eil51-m2,39,18,1
eil51-m2,39,40,0
eil51-m2,39,12,0
eil51-m2,39,3,0
eil51-m2,40,18,0
eil51-m2,40,12,0
eil51-m2,40,39,1
eil51-m2,40,17,0
eil51-m2,41,43,1
eil51-m2,41,14,0
eil51-m2,42,6,0
eil51-m2,42,23,0
eil51-m2,42,22,1
eil51-m2,42,24,0
eil51-m2,43,44,1
eil51-m2,43,18,0
eil51-m2,44,32,1
eil51-m2,44,36,0
eil51-m2,45,11,1
eil51-m2,45,26,0
eil51-m2,45,31,0
eil51-m2,45,0,0
eil51-m2,46,50,1
eil51-m2,46,4,0
eil51-m2,47,21,0
eil51-m2,48,8,1
eil51-m2,48,9,0
eil51-m2,48,10,0
eil51-m2,49,15,1
eil51-m2,49,33,0
eil51-m2,50,45,1
eil51-m2,50,31,0
eil51-m2,50,5,0
eil51-m3,0,47,1
eil51-m3,0,50,1
eil51-m3,1,21,1
eil51-m3,1,19,0
eil51-m3,2,35,1
eil51-m3,2,0,0
eil51-m3,3,17,1
eil51-m3,3,11,0
eil51-m3,4,37,0
eil51-m3,4,48,1
eil51-m3,5,26,1
eil51-m3,5,17,0
eil51-m3,6,25,1
eil51-m3,6,42,0
eil51-m3,6,5,0
eil51-m3,7,30,1
eil51-m3,7,21,0
eil51-m3,7,27,0
eil51-m3,8,48,0
eil51-m3,8,37,1
eil51-m3,8,29,0
eil51-m3,8,4,0
eil51-m3,9,29,0
eil51-m3,9,38,1
eil51-m3,9,4,0
eil51-m3,9,37,0
eil51-m3,9,44,0
eil51-m3,10,31,1
eil51-m3,10,50,0
eil51-m3,11,46,1
eil51-m3,11,50,0
eil51-m3,11,16,0
eil51-m3,11,17,0
eil51-m3,11,10,0
eil51-m3,12,40,0
eil51-m3,12,3,1
eil51-m3,12,39,0
eil51-m3,13,5,1
eil51-m3,13,17,0
eil51-m3,13,50,0
eil51-m3,13,12,0
eil51-m3,14,44,0
eil51-m3,14,4,1
eil51-m3,14,9,0
eil51-m3,15,49,1
eil51-m3,15,8,0
eil51-m3,15,33,0
eil51-m3,16,36,1
eil51-m3,16,11,0
eil51-m3,16,41,0
eil51-m3,17,46,0
eil51-m3,17,24,1
eil51-m3,17,16,0
eil51-m3,17,45,0
eil51-m3,18,39,1
eil51-m3,18,16,0
eil51-m3,19,2,0
eil51-m3,19,28,1
eil51-m3,19,35,0
eil51-m3,20,49,0
eil51-m3,20,33,1
eil51-m3,20,15,0
eil51-m3,20,37,0
eil51-m3,21,0,1
eil51-m3,21,31,0
eil51-m3,21,2,0
eil51-m3,21,19,0
eil51-m3,21,10,0
eil51-m3,22,6,1
eil51-m3,22,7,0
eil51-m3,23,22,0
eil51-m3,23,42,1
eil51-m3,23,6,0
eil51-m3,24,13,1
eil51-m3,24,5,0
eil51-m3,24,3,0
eil51-m3,24,22,0
eil51-m3,24,40,0
eil51-m3,25,7,1
eil51-m3,25,22,0
eil51-m3,26,0,1
eil51-m3,26,31,0
eil51-m3,26,7,0
eil51-m3,27,2,1
eil51-m3,27,25,0
eil51-m3,28,1,1
eil51-m3,28,49,0
eil51-m3,28,8,0
eil51-m3,29,9,1
eil51-m3,30,27,1
eil51-m3,30,25,0
eil51-m3,30,21,0
eil51-m3,30,2,0
eil51-m3,30,0,0
eil51-m3,31,0,1
eil51-m3,31,45,0
eil51-m3,31,1,0
eil51-m3,32,44,1
eil51-m3,32,38,0
eil51-m3,32,43,0
eil51-m3,32,4,0
eil51-m3,33,29,1
eil51-m3,34,35,0
eil51-m3,34,19,1
eil51-m3,34,1,0
eil51-m3,34,15,0
eil51-m3,35,34,1
eil51-m3,35,19,0
eil51-m3,35,27,0
eil51-m3,35,1,0
eil51-m3,35,30,0
eil51-m3,36,43,1
eil51-m3,36,11,0
eil51-m3,36,4,0
eil51-m3,37,10,1
eil51-m3,37,48,0
eil51-m3,37,45,0
eil51-m3,38,9,0
eil51-m3,38,32,1
eil51-m3,38,44,0
eil51-m3,38,14,0
eil51-m3,38,4,0
eil51-m3,39,40,1
eil51-m3,39,41,0
eil51-m3,39,12,0
eil51-m3,39,16,0
eil51-m3,39,24,0
eil51-m3,40,12,1
eil51-m3,41,18,1
eil51-m3,41,3,0
eil51-m3,41,39,0
eil51-m3,42,6,0
eil51-m3,42,23,0
eil51-m3,42,22,1
eil51-m3,42,26,0
eil51-m3,43,14,0
eil51-m3,43,41,1
eil51-m3,43,44,0
eil51-m3,43,32,0
eil51-m3,44,14,1
eil51-m3,44,32,0
eil51-m3,44,16,0
eil51-m3,45,11,1
eil51-m3,45,10,0
eil51-m3,46,11,0
eil51-m3,46,16,1
eil51-m3,46,50,0
eil51-m3,47,22,0
eil51-m3,48,8,1
eil51-m3,48,37,0
eil51-m3,48,33,0
eil51-m3,49,20,1
eil51-m3,49,29,0
eil51-m3,49,48,0
eil51-m3,49,10,0
eil51-m3,50,45,1
eil51-m3,50,31,0
eil51-m5,0,31,0
eil51-m5,0,21,1
eil51-m5,0,7,0
eil51-m5,0,10,1
eil51-m5,0,47,1
eil51-m5,0,45,1
eil51-m5,0,27,0
eil51-m5,1,21,0
eil51-m5,1,19,0
eil51-m5,1,0,1
eil51-m5,1,20,0
eil51-m5,2,34,0
eil51-m5,2,35,1
eil51-m5,2,28,0
eil51-m5,3,17,1
eil51-m5,4,37,0
eil51-m5,4,36,0
eil51-m5,4,14,0
eil51-m5,5,47,0
eil51-m5,5,13,1
eil51-m5,5,50,0
eil51-m5,5,46,0
eil51-m5,5,6,0
eil51-m5,6,25,1
eil51-m5,6,5,0
eil51-m5,6,30,0
eil51-m5,7,25,0
eil51-m5,7,30,1
eil51-m5,7,27,0
eil51-m5,7,6,0
eil51-m5,8,49,1
eil51-m5,8,29,0
eil51-m5,8,4,0
eil51-m5,9,48,1
eil51-m5,9,29,0
eil51-m5,9,38,0
eil51-m5,9,32,0
eil51-m5,9,33,0
eil51-m5,10,31,0
eil51-m5,10,37,1
eil51-m5,11,46,0
eil51-m5,11,36,1
eil51-m5,11,37,0
eil51-m5,12,40,1
eil51-m5,12,18,0
eil51-m5,12,39,0
eil51-m5,13,24,1
eil51-m5,13,47,0
eil51-m5,14,43,0
eil51-m5,14,16,0
eil51-m5,14,32,1
eil51-m5,15,1,1
eil51-m5,15,28,0
eil51-m5,15,10,0
eil51-m5,15,33,0
eil51-m5,16,3,0
eil51-m5,16,46,1
eil51-m5,16,4,0
eil51-m5,17,3,0
eil51-m5,18,40,0
eil51-m5,18,41,1
eil51-m5,18,17,0
eil51-m5,18,36,0
eil51-m5,18,46,0
eil51-m5,19,28,1
eil51-m5,19,35,0
eil51-m5,19,15,0
eil51-m5,20,15,1
eil51-m5,20,19,0
eil51-m5,21,2,1
eil51-m5,21,26,0
eil51-m5,21,10,0
eil51-m5,22,6,1
eil51-m5,22,5,0
eil51-m5,23,42,1
eil51-m5,23,5,0
eil51-m5,23,47,0
eil51-m5,24,13,0
eil51-m5,24,17,0
eil51-m5,24,12,1
eil51-m5,25,7,1
eil51-m5,25,0,0
eil51-m5,26,50,0
eil51-m5,26,0,1
eil51-m5,26,47,0
eil51-m5,26,11,0
eil51-m5,27,0,1
eil51-m5,27,35,0
eil51-m5,28,20,1
eil51-m5,28,19,0
eil51-m5,28,34,0
eil51-m5,29,38,1
eil51-m5,29,20,0
eil51-m5,30,27,1
eil51-m5,30,7,0
eil51-m5,30,0,0
eil51-m5,31,0,1
eil51-m5,31,26,0
eil51-m5,31,37,0
eil51-m5,31,15,0
eil51-m5,31,11,0
eil51-m5,32,44,1
eil51-m5,32,38,0
eil51-m5,33,29,1
eil51-m5,33,15,0
eil51-m5,33,28,0
eil51-m5,33,9,0
eil51-m5,34,35,0
eil51-m5,34,19,1
eil51-m5,35,34,1
eil51-m5,35,27,0
eil51-m5,35,28,0
eil51-m5,35,1,0
eil51-m5,36,14,1
eil51-m5,36,4,0
eil51-m5,36,41,0
eil51-m5,37,10,0
eil51-m5,37,8,1
eil51-m5,38,9,1
eil51-m5,38,8,0
eil51-m5,38,44,0
eil51-m5,38,49,0
eil51-m5,38,14,0
eil51-m5,39,18,1
eil51-m5,39,40,0
eil51-m5,39,43,0
eil51-m5,40,18,0
eil51-m5,40,39,1
eil51-m5,40,17,0
eil51-m5,40,43,0
eil51-m5,40,24,0
eil51-m5,41,16,0
eil51-m5,41,3,1
eil51-m5,42,22,1
eil51-m5,43,14,0
eil51-m5,43,36,0
eil51-m5,43,16,1
eil51-m5,43,44,0
eil51-m5,43,18,0
eil51-m5,44,32,0
eil51-m5,44,43,1
eil51-m5,45,11,1
eil51-m5,45,26,0
eil51-m5,45,10,0
eil51-m5,45,0,0
eil51-m5,46,50,1
eil51-m5,46,36,0
eil51-m5,46,5,0
eil51-m5,47,31,0
eil51-m5,48,8,0
eil51-m5,48,4,1
eil51-m5,49,8,0
eil51-m5,49,15,0
eil51-m5,49,33,1
eil51-m5,49,28,0
eil51-m5,49,1,0
eil51-m5,50,26,0
eil51-m5,50,11,0
eil51-m5,50,31,0
eil51-m5,50,0,1
eil51-m5,50,4,0
eil51-m7,0,21,1
eil51-m7,0,7,1
eil51-m7,0,1,1
eil51-m7,0,47,0
eil51-m7,0,45,1
eil51-m7,0,27,0
eil51-m7,1,15,1
eil51-m7,1,28,0
eil51-m7,1,21,0
eil51-m7,1,49,0
eil51-m7,1,37,0
eil51-m7,2,27,0
eil51-m7,2,35,1
eil51-m7,3,46,1
eil51-m7,3,43,0
eil51-m7,4,37,0
eil51-m7,4,48,0
eil51-m7,5,26,0
eil51-m7,5,13,1
eil51-m7,5,23,0
eil51-m7,5,6,0
eil51-m7,6,42,1
eil51-m7,6,30,0
eil51-m7,7,25,1
eil51-m7,8,49,0
eil51-m7,8,48,0
eil51-m7,8,37,1
eil51-m7,8,29,0
eil51-m7,8,10,0
eil51-m7,9,48,1
eil51-m7,9,38,0
eil51-m7,9,44,0
eil51-m7,10,37,0
eil51-m7,10,50,0
eil51-m7,10,0,1
eil51-m7,11,16,1
eil51-m7,12,24,0
eil51-m7,12,3,1
eil51-m7,12,39,0
eil51-m7,12,16,0
eil51-m7,13,24,1
eil51-m7,13,5,0
eil51-m7,13,17,0
eil51-m7,13,23,0
eil51-m7,13,22,0
eil51-m7,14,44,1
eil51-m7,14,36,0
eil51-m7,14,32,0
eil51-m7,14,4,0
eil51-m7,14,9,0
eil51-m7,14,11,0
eil51-m7,15,1,0
eil51-m7,15,28,1
eil51-m7,15,10,0
eil51-m7,15,48,0
eil51-m7,15,31,0
eil51-m7,16,36,0
eil51-m7,16,43,1
eil51-m7,16,41,0
eil51-m7,17,24,0
eil51-m7,17,11,0
eil51-m7,17,16,0
eil51-m7,18,39,1
eil51-m7,18,43,0
eil51-m7,18,46,0
eil51-m7,19,2,0
eil51-m7,19,35,0
eil51-m7,19,0,1
eil51-m7,20,28,0
eil51-m7,20,49,1
eil51-m7,20,8,0
eil51-m7,21,0,0
eil51-m7,21,2,1
eil51-m7,21,26,0
eil51-m7,22,47,1
eil51-m7,22,5,0
eil51-m7,23,22,1
eil51-m7,23,42,0
eil51-m7,23,24,0
eil51-m7,23,6,0
eil51-m7,24,13,0
eil51-m7,24,17,1
eil51-m7,24,5,0
eil51-m7,24,22,0
eil51-m7,25,30,0
eil51-m7,25,6,1
eil51-m7,25,22,0
eil51-m7,25,27,0
eil51-m7,25,5,0
eil51-m7,26,0,1
eil51-m7,26,47,0
eil51-m7,26,7,0
eil51-m7,26,11,0
eil51-m7,27,7,0
eil51-m7,27,0,1
eil51-m7,27,35,0
eil51-m7,28,20,1
eil51-m7,28,34,0
eil51-m7,29,38,1
eil51-m7,29,15,0
eil51-m7,29,4,0
eil51-m7,30,27,1
eil51-m7,30,7,0
eil51-m7,30,6,0
eil51-m7,30,26,0
eil51-m7,31,0,1
eil51-m7,31,26,0
eil51-m7,31,15,0
eil51-m7,31,11,0
eil51-m7,32,48,0
eil51-m7,32,4,1
eil51-m7,33,29,1
eil51-m7,33,38,0
eil51-m7,34,19,1
eil51-m7,35,34,1
eil51-m7,35,1,0
eil51-m7,35,20,0
eil51-m7,36,16,0
eil51-m7,36,14,1
eil51-m7,36,43,0
eil51-m7,37,10,1
eil51-m7,37,48,0
eil51-m7,37,49,0
eil51-m7,37,31,0
eil51-m7,38,9,1
eil51-m7,38,8,0
eil51-m7,38,14,0
eil51-m7,39,40,1
eil51-m7,39,3,0
eil51-m7,39,17,0
eil51-m7,39,24,0
eil51-m7,40,12,1
eil51-m7,40,41,0
eil51-m7,41,18,1
eil51-m7,42,23,1
eil51-m7,42,47,0
eil51-m7,42,24,0
eil51-m7,43,41,1
eil51-m7,43,44,0
eil51-m7,43,46,0
eil51-m7,44,32,1
eil51-m7,44,36,0
eil51-m7,44,4,0
eil51-m7,44,48,0
eil51-m7,45,50,0
eil51-m7,45,11,1
eil51-m7,45,31,0
eil51-m7,45,5,0
eil51-m7,45,0,0
eil51-m7,46,3,0
eil51-m7,46,17,0
eil51-m7,46,50,1
eil51-m7,46,45,0
eil51-m7,46,36,0
eil51-m7,46,5,0
eil51-m7,47,5,0
eil51-m7,47,0,1
eil51-m7,47,31,0
eil51-m7,47,50,0
eil51-m7,48,8,1
eil51-m7,48,15,0
eil51-m7,49,33,1
eil51-m7,49,1,0
eil51-m7,50,26,0
eil51-m7,50,0,1
eil51-m7,50,17,0
berlin52-m2,0,30,1
berlin52-m2,0,43,1
berlin52-m2,0,17,0
berlin52-m2,0,38,0
berlin52-m2,1,29,1
berlin52-m2,1,16,0
berlin52-m2,2,17,0
berlin52-m2,2,16,1
berlin52-m2,2,40,0
berlin52-m2,3,5,1
berlin52-m2,3,47,0
berlin52-m2,4,39,0
berlin52-m2,4,36,1
berlin52-m2,5,14,1
berlin52-m2,6,1,1
berlin52-m2,7,40,1
berlin52-m2,7,18,0
berlin52-m2,7,9,0
berlin52-m2,7,44,0
berlin52-m2,7,2,0
berlin52-m2,7,31,0
berlin52-m2,7,42,0
berlin52-m2,7,17,0
berlin52-m2,8,7,1
berlin52-m2,8,2,0
berlin52-m2,9,8,1
berlin52-m2,9,2,0
berlin52-m2,9,39,0
berlin52-m2,10,11,0
berlin52-m2,10,51,0
berlin52-m2,10,12,0
berlin52-m2,11,50,0
berlin52-m2,11,24,1
berlin52-m2,11,10,0
berlin52-m2,12,26,1
berlin52-m2,12,51,0
berlin52-m2,12,46,0
berlin52-m2,12,10,0
berlin52-m2,12,11,0
berlin52-m2,13,12,0
berlin52-m2,13,51,1
berlin52-m2,14,4,1
berlin52-m2,14,37,0
berlin52-m2,14,36,0
berlin52-m2,14,24,0
berlin52-m2,15,43,0
berlin52-m2,15,28,1
berlin52-m2,15,33,0
berlin52-m2,15,34,0
berlin52-m2,15,36,0
berlin52-m2,16,17,1
berlin52-m2,16,0,0
berlin52-m2,16,31,0
berlin52-m2,17,21,1
berlin52-m2,17,2,0
berlin52-m2,17,31,0
berlin52-m2,17,44,0
berlin52-m2,18,44,0
berlin52-m2,18,7,0
berlin52-m2,18,48,0
berlin52-m2,18,0,0
berlin52-m2,19,49,1
berlin52-m2,19,21,0
berlin52-m2,20,0,0
berlin52-m2,20,2,0
berlin52-m2,20,41,1
berlin52-m2,21,0,1
berlin52-m2,21,22,0
berlin52-m2,21,43,0
berlin52-m2,22,19,1
berlin52-m2,22,30,0
berlin52-m2,22,17,0
berlin52-m2,22,48,0
berlin52-m2,23,37,1
berlin52-m2,23,3,0
berlin52-m2,24,3,1
berlin52-m2,25,12,0
berlin52-m2,25,13,1
berlin52-m2,25,24,0
berlin52-m2,26,27,1
berlin52-m2,26,25,0
berlin52-m2,26,46,0
berlin52-m2,26,13,0
berlin52-m2,26,51,0
berlin52-m2,26,24,0
berlin52-m2,27,11,1
berlin52-m2,27,3,0
berlin52-m2,28,29,0
berlin52-m2,28,22,0
berlin52-m2,28,43,0
berlin52-m2,28,45,0
berlin52-m2,29,22,1
berlin52-m2,29,49,0
berlin52-m2,30,17,0
berlin52-m2,30,20,1
berlin52-m2,30,22,0
berlin52-m2,30,48,0
berlin52-m2,31,0,0
berlin52-m2,31,44,1
berlin52-m2,32,9,1
berlin52-m2,32,4,0
berlin52-m2,33,34,1
berlin52-m2,33,36,0
berlin52-m2,33,48,0
berlin52-m2,33,47,0
berlin52-m2,34,36,0
berlin52-m2,34,0,1
berlin52-m2,35,34,0
berlin52-m2,35,48,1
berlin52-m2,35,31,0
berlin52-m2,36,33,1
berlin52-m2,37,39,1
berlin52-m2,37,36,0
berlin52-m2,37,23,0
berlin52-m2,37,38,0
berlin52-m2,37,33,0
berlin52-m2,37,35,0
berlin52-m2,38,35,1
berlin52-m2,38,34,0
berlin52-m2,38,37,0
berlin52-m2,39,38,1
berlin52-m2,39,47,0
berlin52-m2,40,8,0
berlin52-m2,40,2,1
berlin52-m2,40,31,0
berlin52-m2,41,6,1
berlin52-m2,41,29,0
berlin52-m2,41,16,0
berlin52-m2,42,5,0
berlin52-m2,42,47,0
berlin52-m2,43,45,1
berlin52-m2,44,18,1
berlin52-m2,44,31,0
berlin52-m2,44,7,0
berlin52-m2,45,47,1
berlin52-m2,45,43,0
berlin52-m2,45,37,0
berlin52-m2,45,4,0
berlin52-m2,46,25,1
berlin52-m2,46,28,0
berlin52-m2,47,23,1
berlin52-m2,47,38,0
berlin52-m2,47,45,0
berlin52-m2,48,31,1
berlin52-m2,49,15,1
berlin52-m2,49,33,0
berlin52-m2,49,34,0
berlin52-m2,50,10,1
berlin52-m2,50,32,0
berlin52-m2,50,14,0
berlin52-m2,51,12,1
berlin52-m2,51,10,0
berlin52-m2,51,26,0
berlin52-m2,51,27,0
berlin52-m2,51,46,0
berlin52-m3,0,48,1
berlin52-m3,0,31,1
berlin52-m3,0,34,0
berlin52-m3,0,43,1
berlin52-m3,1,6,1
berlin52-m3,1,41,0
berlin52-m3,1,22,0
berlin52-m3,2,30,0
berlin52-m3,2,16,1
berlin52-m3,2,44,0
berlin52-m3,3,24,0
berlin52-m3,3,23,0
berlin52-m3,3,38,0
berlin52-m3,4,14,1
berlin52-m3,4,5,0
berlin52-m3,4,3,0
berlin52-m3,5,14,0
berlin52-m3,5,3,1
berlin52-m3,5,47,0
berlin52-m3,5,37,0
berlin52-m3,5,39,0
berlin52-m3,5,38,0
berlin52-m3,6,41,1
berlin52-m3,6,22,0
berlin52-m3,6,19,0
berlin52-m3,6,17,0
berlin52-m3,6,49,0
berlin52-m3,7,40,1
berlin52-m3,7,18,0
berlin52-m3,7,31,0
berlin52-m3,7,48,0
berlin52-m3,8,7,1
berlin52-m3,8,18,0
berlin52-m3,8,44,0
berlin52-m3,9,8,1
berlin52-m3,9,40,0
berlin52-m3,10,51,1
berlin52-m3,10,27,0
berlin52-m3,10,12,0
berlin52-m3,10,25,0
berlin52-m3,11,24,1
berlin52-m3,11,3,0
berlin52-m3,12,26,1
berlin52-m3,12,25,0
berlin52-m3,12,51,0
berlin52-m3,12,10,0
berlin52-m3,12,50,0
berlin52-m3,13,12,1
berlin52-m3,14,5,1
berlin52-m3,14,37,0
berlin52-m3,14,39,0
berlin52-m3,15,43,0
berlin52-m3,15,33,0
berlin52-m3,16,17,1
berlin52-m3,16,30,0
berlin52-m3,17,21,1
berlin52-m3,18,44,0
berlin52-m3,18,7,0
berlin52-m3,18,9,1
berlin52-m3,19,22,1
berlin52-m3,19,15,0
berlin52-m3,19,0,0
berlin52-m3,19,28,0
berlin52-m3,20,30,1
berlin52-m3,20,17,0
berlin52-m3,20,21,0
berlin52-m3,21,0,1
berlin52-m3,22,30,0
berlin52-m3,22,29,1
berlin52-m3,22,0,0
berlin52-m3,23,4,1
berlin52-m3,23,36,0
berlin52-m3,24,5,0
berlin52-m3,24,45,1
berlin52-m3,24,36,0
berlin52-m3,25,27,0
berlin52-m3,25,46,1
berlin52-m3,25,45,0
berlin52-m3,26,27,1
berlin52-m3,26,13,0
berlin52-m3,26,10,0
berlin52-m3,27,11,1
berlin52-m3,27,24,0
berlin52-m3,28,49,1
berlin52-m3,28,19,0
berlin52-m3,28,45,0
berlin52-m3,28,34,0
berlin52-m3,30,0,1
berlin52-m3,30,48,0
berlin52-m3,30,49,0
berlin52-m3,31,21,0
berlin52-m3,31,44,1
berlin52-m3,31,17,0
berlin52-m3,32,50,1
berlin52-m3,32,5,0
berlin52-m3,32,8,0
berlin52-m3,33,0,1
berlin52-m3,34,35,1
berlin52-m3,34,39,0
berlin52-m3,34,43,0
berlin52-m3,35,38,1
berlin52-m3,35,37,0
berlin52-m3,36,39,0
berlin52-m3,36,37,1
berlin52-m3,36,47,0
berlin52-m3,36,33,0
berlin52-m3,36,35,0
berlin52-m3,36,4,0
berlin52-m3,36,14,0
berlin52-m3,37,47,1
berlin52-m3,37,35,0
berlin52-m3,38,39,1
berlin52-m3,38,36,0
berlin52-m3,39,36,1
berlin52-m3,39,23,0
berlin52-m3,39,4,0
berlin52-m3,40,2,1
berlin52-m3,41,1,0
berlin52-m3,41,20,1
berlin52-m3,41,16,0
berlin52-m3,41,49,0
berlin52-m3,42,9,0
berlin52-m3,42,47,0
berlin52-m3,43,34,0
berlin52-m3,43,45,0
berlin52-m3,43,15,1
berlin52-m3,43,0,0
berlin52-m3,43,48,0
berlin52-m3,44,18,1
berlin52-m3,44,31,0
berlin52-m3,44,40,0
berlin52-m3,44,2,0
berlin52-m3,44,17,0
berlin52-m3,45,33,1
berlin52-m3,45,4,0
berlin52-m3,46,25,0
berlin52-m3,46,26,0
berlin52-m3,46,12,0
berlin52-m3,46,11,0
berlin52-m3,46,28,1
berlin52-m3,46,45,0
berlin52-m3,47,23,1
berlin52-m3,47,4,0
berlin52-m3,47,37,0
berlin52-m3,47,39,0
berlin52-m3,47,38,0
berlin52-m3,47,33,0
berlin52-m3,48,34,1
berlin52-m3,49,19,1
berlin52-m3,49,22,0
berlin52-m3,49,15,0
berlin52-m3,49,21,0
berlin52-m3,50,10,1
berlin52-m3,50,27,0
berlin52-m3,50,24,0
berlin52-m3,51,13,1
berlin52-m3,51,10,0
berlin52-m3,51,24,0
berlin52-m5,0,31,1
berlin52-m5,0,34,1
berlin52-m5,1,6,1
berlin52-m5,1,30,0
berlin52-m5,2,18,0
berlin52-m5,2,16,1
berlin52-m5,2,0,0
berlin52-m5,3,4,0
berlin52-m5,4,14,0
berlin52-m5,4,5,1
berlin52-m5,5,23,0
berlin52-m5,5,3,1
berlin52-m5,6,41,1
berlin52-m5,6,20,0
berlin52-m5,6,22,0
berlin52-m5,7,8,1
berlin52-m5,7,17,0
berlin52-m5,8,9,1
berlin52-m5,9,31,0
berlin52-m5,9,14,0
berlin52-m5,10,11,1
berlin52-m5,10,27,0
berlin52-m5,11,27,0
berlin52-m5,11,50,0
berlin52-m5,11,24,1
berlin52-m5,11,3,0
berlin52-m5,11,10,0
berlin52-m5,12,26,0
berlin52-m5,12,51,1
berlin52-m5,12,46,0
berlin52-m5,13,12,0
berlin52-m5,13,46,1
berlin52-m5,13,25,0
berlin52-m5,13,50,0
berlin52-m5,13,24,0
berlin52-m5,14,5,0
berlin52-m5,14,37,1
berlin52-m5,15,45,0
berlin52-m5,15,19,0
berlin52-m5,15,28,1
berlin52-m5,15,34,0
berlin52-m5,16,20,0
berlin52-m5,16,17,1
berlin52-m5,16,21,0
berlin52-m5,16,22,0
berlin52-m5,16,0,0
berlin52-m5,17,21,1
berlin52-m5,17,0,0
berlin52-m5,17,31,0
berlin52-m5,17,48,0
berlin52-m5,17,18,0
berlin52-m5,18,40,1
berlin52-m5,18,48,0
berlin52-m5,19,22,1
berlin52-m5,19,15,0
berlin52-m5,19,21,0
berlin52-m5,20,30,1
berlin52-m5,20,21,0
berlin52-m5,20,16,0
berlin52-m5,20,0,0
berlin52-m5,20,41,0
berlin52-m5,21,0,1
berlin52-m5,21,48,0
berlin52-m5,22,49,0
berlin52-m5,22,21,0
berlin52-m5,22,29,1
berlin52-m5,22,17,0
berlin52-m5,23,47,1
berlin52-m5,23,4,0
berlin52-m5,23,14,0
berlin52-m5,23,5,0
berlin52-m5,23,3,0
berlin52-m5,24,3,0
berlin52-m5,24,23,1
berlin52-m5,24,4,0
berlin52-m5,25,46,0
berlin52-m5,25,12,0
berlin52-m5,25,11,0
berlin52-m5,26,12,1
berlin52-m5,26,50,0
berlin52-m5,26,10,0
berlin52-m5,27,26,1
berlin52-m5,27,3,0
berlin52-m5,28,49,1
berlin52-m5,28,29,0
berlin52-m5,28,34,0
berlin52-m5,29,22,0
berlin52-m5,29,30,0
berlin52-m5,29,41,0
berlin52-m5,29,15,0
berlin52-m5,30,0,1
berlin52-m5,30,20,0
berlin52-m5,30,31,0
berlin52-m5,30,2,0
berlin52-m5,31,48,0
berlin52-m5,31,44,1
berlin52-m5,32,42,1
berlin52-m5,32,9,0
berlin52-m5,32,4,0
berlin52-m5,32,24,0
berlin52-m5,33,38,0
berlin52-m5,33,39,0
berlin52-m5,33,37,0
berlin52-m5,33,0,1
berlin52-m5,34,36,1
berlin52-m5,34,39,0
berlin52-m5,34,0,0
berlin52-m5,35,34,0
berlin52-m5,35,48,1
berlin52-m5,35,36,0
berlin52-m5,35,31,0
berlin52-m5,35,0,0
berlin52-m5,36,37,0
berlin52-m5,36,38,0
berlin52-m5,36,4,1
berlin52-m5,36,14,0
berlin52-m5,37,39,1
berlin52-m5,37,23,0
berlin52-m5,37,14,0
berlin52-m5,37,33,0
berlin52-m5,38,35,1
berlin52-m5,38,33,0
berlin52-m5,38,37,0
berlin52-m5,38,4,0
berlin52-m5,39,37,0
berlin52-m5,39,38,1
berlin52-m5,39,34,0
berlin52-m5,40,7,1
berlin52-m5,40,2,0
berlin52-m5,41,20,1
berlin52-m5,41,49,0
berlin52-m5,42,14,1
berlin52-m5,42,3,0
berlin52-m5,42,23,0
berlin52-m5,42,47,0
berlin52-m5,43,0,1
berlin52-m5,43,39,0
berlin52-m5,44,18,1
berlin52-m5,44,40,0
berlin52-m5,44,48,0
berlin52-m5,44,17,0
berlin52-m5,44,21,0
berlin52-m5,44,35,0
berlin52-m5,46,25,1
berlin52-m5,46,26,0
berlin52-m5,47,39,0
berlin52-m5,47,33,1
berlin52-m5,48,0,1
berlin52-m5,49,19,1
berlin52-m5,49,28,0
berlin52-m5,49,29,0
berlin52-m5,49,33,0
berlin52-m5,50,10,1
berlin52-m5,50,24,0
berlin52-m5,50,3,0
berlin52-m5,51,12,0
berlin52-m5,51,13,1
berlin52-m5,51,10,0
berlin52-m5,51,26,0
berlin52-m5,51,25,0
berlin52-m7,0,34,1
berlin52-m7,0,35,1
berlin52-m7,0,43,1
berlin52-m7,1,6,1
berlin52-m7,2,17,0
berlin52-m7,2,18,0
berlin52-m7,2,30,0
berlin52-m7,2,16,1
berlin52-m7,2,21,0
berlin52-m7,2,0,0
berlin52-m7,3,14,0
berlin52-m7,3,4,0
berlin52-m7,3,47,0
berlin52-m7,3,39,0
berlin52-m7,3,38,0
berlin52-m7,4,14,1
berlin52-m7,4,3,0
berlin52-m7,5,14,0
berlin52-m7,5,3,1
berlin52-m7,5,47,0
berlin52-m7,5,39,0
berlin52-m7,5,24,0
berlin52-m7,6,41,1
berlin52-m7,6,16,0
berlin52-m7,7,40,0
berlin52-m7,7,8,1
berlin52-m7,7,44,0
berlin52-m7,7,31,0
berlin52-m7,7,17,0
berlin52-m7,8,9,1
berlin52-m7,8,18,0
berlin52-m7,8,42,0
berlin52-m7,8,48,0
berlin52-m7,9,8,0
berlin52-m7,9,44,1
berlin52-m7,9,31,0
berlin52-m7,10,50,1
berlin52-m7,11,27,0
berlin52-m7,11,24,1
berlin52-m7,12,13,1
berlin52-m7,12,51,0
berlin52-m7,12,11,0
berlin52-m7,13,51,1
berlin52-m7,13,25,0
berlin52-m7,13,10,0
berlin52-m7,13,11,0
berlin52-m7,14,4,0
berlin52-m7,14,5,1
berlin52-m7,14,23,0
berlin52-m7,14,37,0
berlin52-m7,15,19,0
berlin52-m7,15,34,0
berlin52-m7,16,17,1
berlin52-m7,16,18,0
berlin52-m7,16,0,0
berlin52-m7,17,21,1
berlin52-m7,17,31,0
berlin52-m7,17,48,0
berlin52-m7,17,20,0
berlin52-m7,17,22,0
berlin52-m7,18,40,1
berlin52-m7,19,49,1
berlin52-m7,19,29,0
berlin52-m7,19,0,0
berlin52-m7,19,28,0
berlin52-m7,19,21,0
berlin52-m7,20,30,1
berlin52-m7,21,0,1
berlin52-m7,21,31,0
berlin52-m7,21,17,0
berlin52-m7,21,34,0
berlin52-m7,21,22,0
berlin52-m7,22,29,1
berlin52-m7,22,17,0
berlin52-m7,23,47,1
berlin52-m7,23,37,0
berlin52-m7,23,36,0
berlin52-m7,24,23,1
berlin52-m7,25,27,0
berlin52-m7,25,46,1
berlin52-m7,25,12,0
berlin52-m7,25,13,0
berlin52-m7,25,50,0
berlin52-m7,26,25,1
berlin52-m7,26,12,0
berlin52-m7,27,26,1
berlin52-m7,27,11,0
berlin52-m7,28,49,0
berlin52-m7,28,15,1
berlin52-m7,28,22,0
berlin52-m7,28,43,0
berlin52-m7,28,34,0
berlin52-m7,29,22,0
berlin52-m7,29,41,0
berlin52-m7,30,0,1
berlin52-m7,30,20,0
berlin52-m7,30,22,0
berlin52-m7,30,2,0
berlin52-m7,30,49,0
berlin52-m7,31,0,1
berlin52-m7,31,21,0
berlin52-m7,31,38,0
berlin52-m7,31,33,0
berlin52-m7,31,39,0
berlin52-m7,32,42,1
berlin52-m7,32,24,0
berlin52-m7,33,34,0
berlin52-m7,33,38,0
berlin52-m7,33,43,0
berlin52-m7,33,37,0
berlin52-m7,33,47,0
berlin52-m7,33,0,1
berlin52-m7,34,0,1
berlin52-m7,35,34,0
berlin52-m7,35,33,0
berlin52-m7,35,38,1
berlin52-m7,35,37,0
berlin52-m7,36,33,1
berlin52-m7,37,39,0
berlin52-m7,37,36,0
berlin52-m7,37,47,0
berlin52-m7,37,4,1
berlin52-m7,38,39,1
berlin52-m7,38,48,0
berlin52-m7,39,37,1
berlin52-m7,39,38,0
berlin52-m7,39,33,0
berlin52-m7,40,7,1
berlin52-m7,40,44,0
berlin52-m7,40,9,0
berlin52-m7,41,20,1
berlin52-m7,41,16,0
berlin52-m7,41,30,0
berlin52-m7,42,3,0
berlin52-m7,42,9,0
berlin52-m7,43,34,0
berlin52-m7,43,36,0
berlin52-m7,43,45,1
berlin52-m7,44,31,1
berlin52-m7,44,40,0
berlin52-m7,44,17,0
berlin52-m7,44,35,0
berlin52-m7,45,33,0
berlin52-m7,45,24,0
berlin52-m7,46,25,0
berlin52-m7,46,12,1
berlin52-m7,46,15,0
berlin52-m7,47,23,0
berlin52-m7,47,36,1
berlin52-m7,47,39,0
berlin52-m7,47,38,0
berlin52-m7,48,0,1
berlin52-m7,48,35,0
berlin52-m7,48,21,0
berlin52-m7,49,28,1
berlin52-m7,49,0,0
berlin52-m7,50,11,1
berlin52-m7,50,27,0
berlin52-m7,50,24,0
berlin52-m7,50,26,0
berlin52-m7,50,32,0
berlin52-m7,50,25,0
berlin52-m7,51,12,0
berlin52-m7,51,10,1
berlin52-m7,51,27,0
eil76-m2,0,42,1
eil76-m2,0,61,0
eil76-m2,0,62,1
eil76-m2,0,21,0
eil76-m2,1,29,0
eil76-m2,1,67,0
eil76-m2,1,61,1
eil76-m2,1,3,0
eil76-m2,2,43,1
eil76-m2,2,31,0
eil76-m2,2,15,0
eil76-m2,3,44,1
eil76-m2,3,75,0
eil76-m2,4,14,1
eil76-m2,5,32,1
eil76-m2,6,66,0
eil76-m2,6,25,0
eil76-m2,7,34,0
eil76-m2,7,45,1
eil76-m2,7,6,0
eil76-m2,8,38,1
eil76-m2,8,71,0
eil76-m2,8,49,0
eil76-m2,9,37,1
eil76-m2,9,71,0
eil76-m2,9,38,0
eil76-m2,9,10,0
eil76-m2,9,8,0
eil76-m2,10,65,0
eil76-m2,10,13,0
eil76-m2,10,58,1
eil76-m2,11,39,1
eil76-m2,11,16,0
eil76-m2,11,31,0
eil76-m2,12,7,0
eil76-m2,13,52,1
eil76-m2,13,58,0
eil76-m2,13,6,0
eil76-m2,13,65,0
eil76-m2,13,53,0
eil76-m2,13,37,0
eil76-m2,14,56,1
eil76-m2,14,26,0
eil76-m2,15,62,0
eil76-m2,15,50,1
eil76-m2,15,2,0
eil76-m2,15,0,0
eil76-m2,16,74,0
eil76-m2,16,5,1
eil76-m2,17,24,0
eil76-m2,17,23,0
eil76-m2,17,54,1
eil76-m2,17,8,0
eil76-m2,18,7,1
eil76-m2,18,33,0
eil76-m2,19,36,1
eil76-m2,20,47,0
eil76-m2,20,35,0
eil76-m2,20,68,1
eil76-m2,20,29,0
eil76-m2,21,60,1
eil76-m2,22,55,1
eil76-m2,23,48,1
eil76-m2,23,17,0
eil76-m2,23,22,0
eil76-m2,23,62,0
eil76-m2,24,8,1
eil76-m2,25,66,0
eil76-m2,25,75,1
eil76-m2,25,74,0
eil76-m2,25,6,0
eil76-m2,26,51,1
eil76-m2,26,45,0
eil76-m2,26,14,0
eil76-m2,26,56,0
eil76-m2,27,73,1
eil76-m2,27,47,0
eil76-m2,28,44,0
eil76-m2,28,47,0
eil76-m2,28,26,1
eil76-m2,28,14,0
eil76-m2,29,1,1
eil76-m2,29,47,0
eil76-m2,29,44,0
eil76-m2,30,9,1
eil76-m2,30,8,0
eil76-m2,30,57,0
eil76-m2,30,64,0
eil76-m2,30,54,0
eil76-m2,31,49,1
eil76-m2,32,0,1
eil76-m2,32,1,0
eil76-m2,33,66,1
eil76-m2,34,6,1
eil76-m2,34,52,0
eil76-m2,34,13,0
eil76-m2,34,66,0
eil76-m2,35,46,1
eil76-m2,35,68,0
eil76-m2,35,4,0
eil76-m2,35,59,0
eil76-m2,35,47,0
eil76-m2,35,19,0
eil76-m2,36,35,1
eil76-m2,36,69,0
eil76-m2,36,59,0
eil76-m2,36,56,0
eil76-m2,37,64,1
eil76-m2,37,57,0
eil76-m2,38,71,1
eil76-m2,38,39,0
eil76-m2,38,43,0
eil76-m2,39,16,1
eil76-m2,39,43,0
eil76-m2,39,71,0
eil76-m2,40,41,1
eil76-m2,40,63,0
eil76-m2,40,21,0
eil76-m2,41,63,1
eil76-m2,41,55,0
eil76-m2,41,62,0
eil76-m2,42,40,1
eil76-m2,42,41,0
eil76-m2,42,0,0
eil76-m2,42,21,0
eil76-m2,42,61,0
eil76-m2,43,31,1
eil76-m2,43,39,0
eil76-m2,43,16,0
eil76-m2,44,29,1
eil76-m2,44,51,0
eil76-m2,44,4,0
eil76-m2,45,33,1
eil76-m2,46,47,1
eil76-m2,46,68,0
eil76-m2,46,73,0
eil76-m2,47,28,0
eil76-m2,47,4,1
eil76-m2,47,29,0
eil76-m2,47,20,0
eil76-m2,47,44,0
eil76-m2,47,35,0
eil76-m2,48,15,1
eil76-m2,48,62,0
eil76-m2,49,17,1
eil76-m2,49,31,0
eil76-m2,49,8,0
eil76-m2,49,2,0
eil76-m2,49,38,0
eil76-m2,49,39,0
eil76-m2,50,2,1
eil76-m2,50,67,0
eil76-m2,50,75,0
eil76-m2,51,26,0
eil76-m2,51,45,0
eil76-m2,51,7,0
eil76-m2,52,13,0
eil76-m2,52,34,1
eil76-m2,52,10,0
eil76-m2,53,18,1
eil76-m2,53,34,0
eil76-m2,54,24,1
eil76-m2,55,23,1
eil76-m2,56,12,1
eil76-m2,56,4,0
eil76-m2,56,36,0
eil76-m2,57,11,1
eil76-m2,58,13,1
eil76-m2,58,18,0
eil76-m2,58,7,0
eil76-m2,59,69,1
eil76-m2,59,68,0
eil76-m2,59,20,0
eil76-m2,60,27,1
eil76-m2,60,68,0
eil76-m2,60,35,0
eil76-m2,61,72,1
eil76-m2,61,42,0
eil76-m2,62,0,0
eil76-m2,62,22,1
eil76-m2,63,21,1
eil76-m2,63,55,0
eil76-m2,63,72,0
eil76-m2,64,65,1
eil76-m2,65,10,1
eil76-m2,65,64,0
eil76-m2,65,58,0
eil76-m2,65,34,0
eil76-m2,66,25,1
eil76-m2,66,45,0
eil76-m2,66,6,0
eil76-m2,66,7,0
eil76-m2,66,67,0
eil76-m2,67,74,0
eil76-m2,67,3,1
eil76-m2,67,29,0
eil76-m2,67,44,0
eil76-m2,68,35,0
eil76-m2,68,70,1
eil76-m2,68,60,0
eil76-m2,68,36,0
eil76-m2,69,59,0
eil76-m2,69,19,1
eil76-m2,69,35,0
eil76-m2,69,46,0
eil76-m2,70,59,1
eil76-m2,70,68,0
eil76-m2,70,4,0
eil76-m2,71,9,0
eil76-m2,71,11,0
eil76-m2,71,37,0
eil76-m2,72,61,0
eil76-m2,72,0,1
eil76-m2,72,1,0
eil76-m2,72,21,0
eil76-m2,72,5,0
eil76-m2,72,15,0
eil76-m2,73,27,0
eil76-m2,73,29,0
eil76-m2,73,20,1
eil76-m2,73,47,0
eil76-m2,73,67,0
eil76-m2,73,28,0
eil76-m2,74,67,1
eil76-m2,75,74,1
eil76-m2,75,66,0
eil76-m2,75,25,0
eil76-m3,0,61,1
eil76-m3,1,29,1
eil76-m3,2,43,1
eil76-m3,2,31,0
eil76-m3,2,50,0
eil76-m3,2,23,0
eil76-m3,2,8,0
eil76-m3,3,74,0
eil76-m3,3,44,0
eil76-m3,3,75,0
eil76-m3,3,67,1
eil76-m3,3,29,0
eil76-m3,3,45,0
eil76-m3,4,47,1
eil76-m3,4,44,0
eil76-m3,4,56,0
eil76-m3,4,20,0
eil76-m3,5,74,1
eil76-m3,5,1,0
eil76-m3,6,45,0
eil76-m3,6,52,1
eil76-m3,6,66,0
eil76-m3,6,13,0
eil76-m3,7,45,1
eil76-m3,7,51,0
eil76-m3,8,38,1
eil76-m3,8,24,0
eil76-m3,8,11,0
eil76-m3,9,57,1
eil76-m3,9,38,0
eil76-m3,10,52,0
eil76-m3,10,37,1
eil76-m3,10,57,0
eil76-m3,11,39,1
eil76-m3,11,25,0
eil76-m3,11,50,0
eil76-m3,12,26,1
eil76-m3,12,51,0
eil76-m3,12,18,0
eil76-m3,12,45,0
eil76-m3,13,18,1
eil76-m3,13,34,0
eil76-m3,14,4,1
eil76-m3,14,44,0
eil76-m3,15,2,0
eil76-m3,15,48,1
eil76-m3,15,43,0
eil76-m3,15,5,0
eil76-m3,15,22,0
eil76-m3,16,50,1
eil76-m3,16,5,0
eil76-m3,16,67,0
eil76-m3,17,31,0
eil76-m3,17,54,1
eil76-m3,17,38,0
eil76-m3,18,34,1
eil76-m3,18,53,0
eil76-m3,18,33,0
eil76-m3,19,69,1
eil76-m3,19,59,0
eil76-m3,20,73,1
eil76-m3,20,27,0
eil76-m3,20,35,0
eil76-m3,20,29,0
eil76-m3,20,1,0
eil76-m3,21,60,0
eil76-m3,21,63,1
eil76-m3,22,62,1
eil76-m3,22,40,0
eil76-m3,22,0,0
eil76-m3,23,48,0
eil76-m3,23,2,1
eil76-m3,24,8,1
eil76-m3,24,17,0
eil76-m3,24,30,0
eil76-m3,25,75,0
eil76-m3,25,6,1
eil76-m3,26,44,1
eil76-m3,26,12,0
eil76-m3,26,33,0
eil76-m3,26,56,0
eil76-m3,27,1,0
eil76-m3,27,60,1
eil76-m3,28,4,0
eil76-m3,28,26,0
eil76-m3,28,14,0
eil76-m3,28,46,0
eil76-m3,28,3,0
eil76-m3,28,56,1
eil76-m3,29,1,0
eil76-m3,29,44,0
eil76-m3,29,28,1
eil76-m3,29,3,0
eil76-m3,30,9,1
eil76-m3,30,71,0
eil76-m3,30,64,0
eil76-m3,31,49,1
eil76-m3,31,39,0
eil76-m3,31,24,0
eil76-m3,31,11,0
eil76-m3,31,16,0
eil76-m3,32,62,0
eil76-m3,32,0,1
eil76-m3,33,51,1
eil76-m3,33,3,0
eil76-m3,33,7,0
eil76-m3,33,26,0
eil76-m3,34,7,1
eil76-m3,34,45,0
eil76-m3,34,51,0
eil76-m3,35,46,0
eil76-m3,35,36,1
eil76-m3,35,20,0
eil76-m3,35,19,0
eil76-m3,36,19,1
eil76-m3,37,64,1
eil76-m3,37,10,0
eil76-m3,37,13,0
eil76-m3,38,71,1
eil76-m3,38,39,0
eil76-m3,38,11,0
eil76-m3,39,16,1
eil76-m3,39,31,0
eil76-m3,39,43,0
eil76-m3,39,38,0
eil76-m3,39,50,0
eil76-m3,39,25,0
eil76-m3,40,42,1
eil76-m3,40,55,0
eil76-m3,40,62,0
eil76-m3,41,40,1
eil76-m3,41,21,0
eil76-m3,41,61,0
eil76-m3,42,0,1
eil76-m3,42,21,0
eil76-m3,43,31,1
eil76-m3,44,28,0
eil76-m3,44,3,1
eil76-m3,44,33,0
eil76-m3,45,33,1
eil76-m3,45,66,0
eil76-m3,45,6,0
eil76-m3,45,3,0
eil76-m3,46,35,1
eil76-m3,46,28,0
eil76-m3,46,73,0
eil76-m3,46,29,0
eil76-m3,47,46,1
eil76-m3,47,20,0
eil76-m3,47,1,0
eil76-m3,48,23,1
eil76-m3,48,15,0
eil76-m3,48,62,0
eil76-m3,48,32,0
eil76-m3,49,17,1
eil76-m3,49,31,0
eil76-m3,49,24,0
eil76-m3,49,54,0
eil76-m3,50,2,0
eil76-m3,50,32,1
eil76-m3,50,67,0
eil76-m3,50,75,0
eil76-m3,50,74,0
eil76-m3,50,43,0
eil76-m3,51,33,0
eil76-m3,51,12,0
eil76-m3,51,34,0
eil76-m3,52,10,1
eil76-m3,52,7,0
eil76-m3,52,64,0
eil76-m3,53,12,1
eil76-m3,53,13,0
eil76-m3,54,24,1
eil76-m3,54,71,0
eil76-m3,55,22,1
eil76-m3,55,40,0
eil76-m3,55,48,0
eil76-m3,55,0,0
eil76-m3,55,15,0
eil76-m3,56,14,1
eil76-m3,56,12,0
eil76-m3,57,11,1
eil76-m3,57,6,0
eil76-m3,57,64,0
eil76-m3,58,13,1
eil76-m3,58,10,0
eil76-m3,58,52,0
eil76-m3,58,18,0
eil76-m3,58,34,0
eil76-m3,58,7,0
eil76-m3,59,70,1
eil76-m3,59,4,0
eil76-m3,60,21,1
eil76-m3,60,73,0
eil76-m3,60,61,0
eil76-m3,61,1,1
eil76-m3,62,15,1
eil76-m3,62,72,0
eil76-m3,63,41,1
eil76-m3,63,0,0
eil76-m3,63,55,0
eil76-m3,64,65,1
eil76-m3,64,57,0
eil76-m3,65,10,0
eil76-m3,65,58,1
eil76-m3,65,9,0
eil76-m3,65,34,0
eil76-m3,66,25,1
eil76-m3,67,75,0
eil76-m3,68,20,1
eil76-m3,68,59,0
eil76-m3,68,47,0
eil76-m3,69,59,1
eil76-m3,69,36,0
eil76-m3,70,59,0
eil76-m3,70,35,0
eil76-m3,70,68,1
eil76-m3,70,46,0
eil76-m3,71,16,0
eil76-m3,72,32,0
eil76-m3,72,0,1
eil76-m3,72,1,0
eil76-m3,72,42,0
eil76-m3,73,27,1
eil76-m3,73,46,0
eil76-m3,73,67,0
eil76-m3,74,75,1
eil76-m3,75,66,1
eil76-m3,75,5,0
eil76-m5,0,72,0
eil76-m5,0,32,0
eil76-m5,0,61,1
eil76-m5,0,41,0
eil76-m5,0,22,0
eil76-m5,1,29,0
eil76-m5,1,61,0
eil76-m5,1,72,1
eil76-m5,2,15,1
eil76-m5,3,74,0
eil76-m5,3,75,0
eil76-m5,3,67,1
eil76-m5,3,26,0
eil76-m5,4,36,1
eil76-m5,5,50,0
eil76-m5,5,74,1
eil76-m5,6,52,1
eil76-m5,7,45,1
eil76-m5,7,51,0
eil76-m5,7,12,0
eil76-m5,8,38,0
eil76-m5,8,31,1
eil76-m5,8,71,0
eil76-m5,8,43,0
eil76-m5,8,2,0
eil76-m5,9,71,0
eil76-m5,9,64,1
eil76-m5,9,11,0
eil76-m5,10,37,1
eil76-m5,11,16,1
eil76-m5,11,8,0
eil76-m5,12,26,0
eil76-m5,12,53,1
eil76-m5,12,7,0
eil76-m5,13,34,0
eil76-m5,13,10,0
eil76-m5,13,58,1
eil76-m5,13,6,0
eil76-m5,13,7,0
eil76-m5,13,53,0
eil76-m5,13,37,0
eil76-m5,14,36,0
eil76-m5,14,28,1
eil76-m5,14,44,0
eil76-m5,14,47,0
eil76-m5,15,62,1
eil76-m5,15,50,0
eil76-m5,15,32,0
eil76-m5,15,2,0
eil76-m5,15,48,0
eil76-m5,16,50,1
eil76-m5,16,11,0
eil76-m5,16,75,0
eil76-m5,17,49,1
eil76-m5,17,23,0
eil76-m5,18,34,1
eil76-m5,19,4,0
eil76-m5,19,56,1
eil76-m5,19,28,0
eil76-m5,20,46,1
eil76-m5,20,73,0
eil76-m5,21,27,0
eil76-m5,21,41,0
eil76-m5,21,63,1
eil76-m5,21,40,0
eil76-m5,22,48,1
eil76-m5,22,0,0
eil76-m5,23,17,1
eil76-m5,23,2,0
eil76-m5,23,43,0
eil76-m5,23,31,0
eil76-m5,23,55,0
eil76-m5,23,62,0
eil76-m5,24,49,0
eil76-m5,24,54,1
eil76-m5,24,38,0
eil76-m5,25,66,0
eil76-m5,25,11,0
eil76-m5,25,16,0
eil76-m5,25,6,1
eil76-m5,26,44,1
eil76-m5,26,3,0
eil76-m5,26,7,0
eil76-m5,26,56,0
eil76-m5,27,61,0
eil76-m5,27,20,1
eil76-m5,27,60,0
eil76-m5,27,0,0
eil76-m5,28,4,0
eil76-m5,28,3,0
eil76-m5,28,56,0
eil76-m5,29,1,1
eil76-m5,29,47,0
eil76-m5,29,74,0
eil76-m5,30,9,0
eil76-m5,30,38,1
eil76-m5,30,8,0
eil76-m5,31,43,1
eil76-m5,31,49,0
eil76-m5,31,39,0
eil76-m5,32,72,0
eil76-m5,32,0,1
eil76-m5,32,5,0
eil76-m5,32,1,0
eil76-m5,32,42,0
eil76-m5,33,45,0
eil76-m5,33,3,1
eil76-m5,33,74,0
eil76-m5,34,7,1
eil76-m5,34,52,0
eil76-m5,34,25,0
eil76-m5,35,46,0
eil76-m5,35,68,0
eil76-m5,35,4,0
eil76-m5,35,69,1
eil76-m5,35,19,0
eil76-m5,36,19,1
eil76-m5,36,4,0
eil76-m5,36,69,0
eil76-m5,36,46,0
eil76-m5,36,70,0
eil76-m5,36,47,0
eil76-m5,37,57,1
eil76-m5,37,71,0
eil76-m5,37,6,0
eil76-m5,38,8,1
eil76-m5,38,43,0
eil76-m5,39,8,0
eil76-m5,39,71,1
eil76-m5,40,42,1
eil76-m5,40,63,0
eil76-m5,40,72,0
eil76-m5,40,61,0
eil76-m5,41,40,1
eil76-m5,41,22,0
eil76-m5,41,72,0
eil76-m5,42,0,1
eil76-m5,43,2,1
eil76-m5,43,50,0
eil76-m5,44,29,1
eil76-m5,44,33,0
eil76-m5,44,4,0
eil76-m5,45,33,1
eil76-m5,46,20,0
eil76-m5,46,35,1
eil76-m5,46,4,0
eil76-m5,46,68,0
eil76-m5,46,28,0
eil76-m5,47,46,0
eil76-m5,47,4,1
eil76-m5,47,1,0
eil76-m5,48,23,1
eil76-m5,48,31,0
eil76-m5,49,17,0
eil76-m5,49,31,0
eil76-m5,49,24,1
eil76-m5,49,8,0
eil76-m5,49,23,0
eil76-m5,49,39,0
eil76-m5,50,5,0
eil76-m5,50,2,0
eil76-m5,50,32,1
eil76-m5,51,26,1
eil76-m5,51,45,0
eil76-m5,52,13,1
eil76-m5,52,7,0
eil76-m5,53,12,0
eil76-m5,53,51,1
eil76-m5,53,56,0
eil76-m5,53,34,0
eil76-m5,53,33,0
eil76-m5,54,24,0
eil76-m5,54,31,0
eil76-m5,54,30,1
eil76-m5,55,22,1
eil76-m5,55,41,0
eil76-m5,55,0,0
eil76-m5,56,14,1
eil76-m5,56,4,0
eil76-m5,57,37,0
eil76-m5,57,11,1
eil76-m5,58,13,0
eil76-m5,58,18,1
eil76-m5,58,37,0
eil76-m5,58,53,0
eil76-m5,59,70,1
eil76-m5,59,20,0
eil76-m5,60,21,1
eil76-m5,60,73,0
eil76-m5,61,72,0
eil76-m5,61,27,0
eil76-m5,61,73,1
eil76-m5,62,0,1
eil76-m5,62,72,0
eil76-m5,62,48,0
eil76-m5,62,50,0
eil76-m5,63,41,1
eil76-m5,63,61,0
eil76-m5,63,72,0
eil76-m5,64,10,0
eil76-m5,64,65,1
eil76-m5,64,13,0
eil76-m5,64,6,0
eil76-m5,65,10,1
eil76-m5,65,58,0
eil76-m5,66,25,1
eil76-m5,66,3,0
eil76-m5,67,1,0
eil76-m5,67,75,0
eil76-m5,67,16,0
eil76-m5,68,60,1
eil76-m5,69,59,1
eil76-m5,69,19,0
eil76-m5,69,68,0
eil76-m5,69,46,0
eil76-m5,69,56,0
eil76-m5,70,69,0
eil76-m5,70,68,1
eil76-m5,70,14,0
eil76-m5,71,9,1
eil76-m5,71,39,0
eil76-m5,71,16,0
eil76-m5,72,0,1
eil76-m5,72,5,0
eil76-m5,73,47,1
eil76-m5,73,61,0
eil76-m5,73,46,0
eil76-m5,74,75,1
eil76-m5,74,67,0
eil76-m5,74,33,0
eil76-m5,75,74,0
eil76-m5,75,66,1
eil76-m5,75,25,0
eil76-m5,75,3,0
eil76-m7,0,61,0
eil76-m7,0,62,0
eil76-m7,0,21,1
eil76-m7,0,22,1
eil76-m7,1,72,1
eil76-m7,2,31,0
eil76-m7,2,15,1
eil76-m7,2,16,0
eil76-m7,2,49,0
eil76-m7,2,8,0
eil76-m7,3,66,0
eil76-m7,3,33,0
eil76-m7,3,67,0
eil76-m7,3,51,1
eil76-m7,4,47,1
eil76-m7,5,1,0
eil76-m7,5,75,1
eil76-m7,6,52,1
eil76-m7,7,45,1
eil76-m7,7,6,0
eil76-m7,8,38,0
eil76-m7,8,31,1
eil76-m7,8,39,0
eil76-m7,8,11,0
eil76-m7,9,57,1
eil76-m7,9,71,0
eil76-m7,9,30,0
eil76-m7,9,10,0
eil76-m7,10,64,0
eil76-m7,10,65,1
eil76-m7,11,16,1
eil76-m7,11,25,0
eil76-m7,11,50,0
eil76-m7,12,26,1
eil76-m7,12,53,0
eil76-m7,12,51,0
eil76-m7,12,14,0
eil76-m7,12,7,0
eil76-m7,12,45,0
eil76-m7,13,34,0
eil76-m7,13,58,1
eil76-m7,13,65,0
eil76-m7,13,53,0
eil76-m7,14,4,1
eil76-m7,14,46,0
eil76-m7,15,62,1
eil76-m7,15,2,0
eil76-m7,15,22,0
eil76-m7,16,50,1
eil76-m7,17,31,0
eil76-m7,17,54,1
eil76-m7,18,7,1
eil76-m7,18,6,0
eil76-m7,18,51,0
eil76-m7,19,36,0
eil76-m7,19,59,0
eil76-m7,19,14,0
eil76-m7,19,56,1
eil76-m7,19,28,0
eil76-m7,20,73,1
eil76-m7,20,68,0
eil76-m7,21,27,0
eil76-m7,21,0,0
eil76-m7,21,72,0
eil76-m7,21,60,1
eil76-m7,22,55,1
eil76-m7,22,62,0
eil76-m7,23,17,1
eil76-m7,23,43,0
eil76-m7,23,49,0
eil76-m7,23,22,0
eil76-m7,24,49,1
eil76-m7,24,54,0
eil76-m7,24,38,0
eil76-m7,24,39,0
eil76-m7,25,75,0
eil76-m7,25,16,0
eil76-m7,25,74,0
eil76-m7,25,6,1
eil76-m7,25,39,0
eil76-m7,26,44,1
eil76-m7,26,12,0
eil76-m7,26,45,0
eil76-m7,27,61,1
eil76-m7,27,1,0
eil76-m7,28,29,1
eil76-m7,29,1,1
eil76-m7,29,44,0
eil76-m7,29,67,0
eil76-m7,29,28,0
eil76-m7,29,3,0
eil76-m7,30,9,1
eil76-m7,30,54,0
eil76-m7,31,43,1
eil76-m7,31,8,0
eil76-m7,32,0,1
eil76-m7,32,5,0
eil76-m7,32,15,0
eil76-m7,33,45,0
eil76-m7,33,6,0
eil76-m7,33,74,1
eil76-m7,34,52,0
eil76-m7,34,18,0
eil76-m7,34,13,1
eil76-m7,34,66,0
eil76-m7,35,46,0
eil76-m7,35,70,0
eil76-m7,35,36,1
eil76-m7,35,20,0
eil76-m7,36,19,0
eil76-m7,36,69,0
eil76-m7,36,70,1
eil76-m7,36,59,0
eil76-m7,36,47,0
eil76-m7,37,64,0
eil76-m7,37,71,0
eil76-m7,38,8,1
eil76-m7,38,9,0
eil76-m7,39,31,0
eil76-m7,39,38,1
eil76-m7,39,2,0
eil76-m7,40,42,1
eil76-m7,40,63,0
eil76-m7,41,40,1
eil76-m7,41,63,0
eil76-m7,41,22,0
eil76-m7,41,61,0
eil76-m7,41,62,0
eil76-m7,42,40,0
eil76-m7,42,41,0
eil76-m7,42,0,1
eil76-m7,42,21,0
eil76-m7,43,2,1
eil76-m7,43,31,0
eil76-m7,43,8,0
eil76-m7,43,16,0
eil76-m7,44,28,1
eil76-m7,44,51,0
eil76-m7,44,47,0
eil76-m7,44,33,0
eil76-m7,45,33,1
eil76-m7,45,26,0
eil76-m7,45,25,0
eil76-m7,46,20,1
eil76-m7,46,35,0
eil76-m7,46,29,0
eil76-m7,47,46,1
eil76-m7,48,15,0
eil76-m7,48,43,0
eil76-m7,48,50,0
eil76-m7,49,31,0
eil76-m7,49,24,0
eil76-m7,49,2,0
eil76-m7,49,54,0
eil76-m7,50,15,0
eil76-m7,50,32,1
eil76-m7,50,39,0
eil76-m7,51,26,0
eil76-m7,51,28,0
eil76-m7,52,34,0
eil76-m7,52,10,1
eil76-m7,52,6,0
eil76-m7,53,12,1
eil76-m7,53,18,0
eil76-m7,53,51,0
eil76-m7,53,45,0
eil76-m7,53,33,0
eil76-m7,54,24,1
eil76-m7,54,30,0
eil76-m7,55,48,0
eil76-m7,55,23,1
eil76-m7,56,14,1
eil76-m7,56,19,0
eil76-m7,57,71,1
eil76-m7,57,37,0
eil76-m7,57,11,0
eil76-m7,57,25,0
eil76-m7,57,6,0
eil76-m7,57,39,0
eil76-m7,58,18,1
eil76-m7,58,53,0
eil76-m7,59,69,1
eil76-m7,59,36,0
eil76-m7,59,68,0
eil76-m7,59,4,0
eil76-m7,60,68,1
eil76-m7,60,35,0
eil76-m7,61,21,0
eil76-m7,61,0,1
eil76-m7,61,1,0
eil76-m7,61,62,0
eil76-m7,62,32,0
eil76-m7,62,0,1
eil76-m7,62,22,0
eil76-m7,62,72,0
eil76-m7,62,48,0
eil76-m7,62,5,0
eil76-m7,63,41,1
eil76-m7,64,37,1
eil76-m7,64,57,0
eil76-m7,65,10,0
eil76-m7,65,64,1
eil76-m7,65,37,0
eil76-m7,65,58,0
eil76-m7,65,13,0
eil76-m7,66,33,0
eil76-m7,66,51,0
eil76-m7,67,1,0
eil76-m7,67,3,1
eil76-m7,67,16,0
eil76-m7,68,35,1
eil76-m7,68,20,0
eil76-m7,68,47,0
eil76-m7,69,19,1
eil76-m7,69,4,0
eil76-m7,69,56,0
eil76-m7,70,59,1
eil76-m7,70,35,0
eil76-m7,70,69,0
eil76-m7,71,38,0
eil76-m7,71,9,0
eil76-m7,71,11,1
eil76-m7,71,39,0
eil76-m7,71,31,0
eil76-m7,71,25,0
eil76-m7,72,61,0
eil76-m7,72,0,1
eil76-m7,72,1,0
eil76-m7,72,42,0
eil76-m7,73,27,1
eil76-m7,73,28,0
eil76-m7,74,67,0
eil76-m7,74,16,0
eil76-m7,75,66,1
eil76-m7,75,45,0
rat99-m2,0,1,0
rat99-m2,0,2,1
rat99-m2,0,10,1
rat99-m2,0,4,0
rat99-m2,1,11,0
rat99-m2,1,0,1
rat99-m2,1,12,0
rat99-m2,2,1,0
rat99-m2,2,3,1
rat99-m2,2,12,0
rat99-m2,3,13,1
rat99-m2,3,1,0
rat99-m2,3,10,0
rat99-m2,3,5,0
rat99-m2,4,5,1
rat99-m2,4,6,0
rat99-m2,4,2,0
rat99-m2,4,15,0
rat99-m2,5,4,0
rat99-m2,5,6,1
rat99-m2,5,16,0
rat99-m2,6,7,1
rat99-m2,6,4,0
rat99-m2,6,16,0
rat99-m2,7,6,0
rat99-m2,7,8,1
rat99-m2,7,16,0
rat99-m2,7,13,0
rat99-m2,8,7,0
rat99-m2,8,17,1
rat99-m2,9,1,0
rat99-m2,9,10,0
rat99-m2,9,0,1
rat99-m2,9,11,0
rat99-m2,10,11,0
rat99-m2,10,2,0
rat99-m2,10,19,1
rat99-m2,10,3,0
rat99-m2,10,0,0
rat99-m2,11,1,1
rat99-m2,11,13,0
rat99-m2,12,11,1
rat99-m2,12,13,0
rat99-m2,12,3,0
rat99-m2,13,4,1
rat99-m2,13,5,0
rat99-m2,13,2,0
rat99-m2,13,10,0
rat99-m2,14,24,0
rat99-m2,14,4,0
rat99-m2,15,14,1
rat99-m2,15,24,0
rat99-m2,16,15,1
rat99-m2,16,23,0
rat99-m2,16,34,0
rat99-m2,17,16,1
rat99-m2,17,26,0
rat99-m2,17,25,0
rat99-m2,17,6,0
rat99-m2,18,27,0
rat99-m2,18,36,0
rat99-m2,18,9,1
rat99-m2,19,20,1
rat99-m2,19,21,0
rat99-m2,20,21,1
rat99-m2,20,12,0
rat99-m2,20,30,0
rat99-m2,20,23,0
rat99-m2,20,11,0
rat99-m2,21,19,0
rat99-m2,21,30,1
rat99-m2,21,29,0
rat99-m2,21,14,0
rat99-m2,22,12,1
rat99-m2,22,20,0
rat99-m2,23,22,1
rat99-m2,24,23,1
rat99-m2,24,25,0
rat99-m2,24,15,0
rat99-m2,24,22,0
rat99-m2,25,24,1
rat99-m2,25,26,0
rat99-m2,25,33,0
rat99-m2,25,22,0
rat99-m2,26,35,1
rat99-m2,26,23,0
rat99-m2,27,18,1
rat99-m2,27,38,0
rat99-m2,28,38,1
rat99-m2,29,28,1
rat99-m2,29,30,0
rat99-m2,30,31,0
rat99-m2,30,29,1
rat99-m2,30,39,0
rat99-m2,31,32,1
rat99-m2,31,29,0
rat99-m2,31,42,0
rat99-m2,31,33,0
rat99-m2,32,31,0
rat99-m2,32,33,1
rat99-m2,32,25,0
rat99-m2,33,34,1
rat99-m2,33,35,0
rat99-m2,33,44,0
rat99-m2,34,35,0
rat99-m2,34,25,1
rat99-m2,34,26,0
rat99-m2,34,43,0
rat99-m2,34,42,0
rat99-m2,35,43,1
rat99-m2,36,27,1
rat99-m2,36,37,0
rat99-m2,36,45,0
rat99-m2,37,39,0
rat99-m2,37,36,1
rat99-m2,37,40,0
rat99-m2,38,47,1
rat99-m2,38,39,0
rat99-m2,38,46,0
rat99-m2,38,48,0
rat99-m2,39,38,0
rat99-m2,39,47,0
rat99-m2,39,49,1
rat99-m2,39,28,0
rat99-m2,40,31,1
rat99-m2,41,42,0
rat99-m2,41,40,1
rat99-m2,41,50,0
rat99-m2,42,33,0
rat99-m2,42,41,1
rat99-m2,42,44,0
rat99-m2,43,33,0
rat99-m2,43,44,1
rat99-m2,43,34,0
rat99-m2,43,41,0
rat99-m2,43,32,0
rat99-m2,43,26,0
rat99-m2,43,53,0
rat99-m2,44,53,1
rat99-m2,44,42,0
rat99-m2,44,41,0
rat99-m2,45,46,1
rat99-m2,45,47,0
rat99-m2,45,36,0
rat99-m2,46,37,1
rat99-m2,46,54,0
rat99-m2,46,56,0
rat99-m2,46,57,0
rat99-m2,47,38,0
rat99-m2,47,39,1
rat99-m2,47,37,0
rat99-m2,47,40,0
rat99-m2,47,56,0
rat99-m2,48,57,1
rat99-m2,48,50,0
rat99-m2,48,38,0
rat99-m2,49,48,1
rat99-m2,49,41,0
rat99-m2,49,57,0
rat99-m2,50,42,1
rat99-m2,51,52,1
rat99-m2,51,49,0
rat99-m2,51,61,0
rat99-m2,51,42,0
rat99-m2,52,50,0
rat99-m2,52,62,1
rat99-m2,52,49,0
rat99-m2,52,41,0
rat99-m2,53,52,0
rat99-m2,53,51,1
rat99-m2,54,45,1
rat99-m2,55,56,1
rat99-m2,55,63,0
rat99-m2,55,46,0
rat99-m2,56,54,1
rat99-m2,56,45,0
rat99-m2,57,58,1
rat99-m2,57,55,0
rat99-m2,57,66,0
rat99-m2,58,57,0
rat99-m2,58,48,0
rat99-m2,58,66,1
rat99-m2,58,65,0
rat99-m2,59,50,1
rat99-m2,59,61,0
rat99-m2,60,61,0
rat99-m2,60,59,1
rat99-m2,61,70,1
rat99-m2,61,59,0
rat99-m2,61,79,0
rat99-m2,62,61,1
rat99-m2,62,53,0
rat99-m2,62,69,0
rat99-m2,62,80,0
rat99-m2,63,55,1
rat99-m2,64,63,1
rat99-m2,65,64,1
rat99-m2,65,66,0
rat99-m2,65,67,0
rat99-m2,66,67,1
rat99-m2,66,58,0
rat99-m2,66,77,0
rat99-m2,67,76,1
rat99-m2,67,68,0
rat99-m2,68,60,1
rat99-m2,69,70,0
rat99-m2,69,68,1
rat99-m2,69,71,0
rat99-m2,69,67,0
rat99-m2,70,71,1
rat99-m2,70,68,0
rat99-m2,70,62,0
rat99-m2,71,80,1
rat99-m2,71,61,0
rat99-m2,71,68,0
rat99-m2,71,78,0
rat99-m2,72,73,1
rat99-m2,72,82,0
rat99-m2,72,83,0
rat99-m2,72,75,0
rat99-m2,72,63,0
rat99-m2,73,74,1
rat99-m2,73,65,0
rat99-m2,73,75,0
rat99-m2,74,75,1
rat99-m2,74,76,0
rat99-m2,74,72,0
rat99-m2,75,67,0
rat99-m2,75,65,1
rat99-m2,76,77,1
rat99-m2,76,67,0
rat99-m2,76,68,0
rat99-m2,76,74,0
rat99-m2,77,78,1
rat99-m2,77,66,0
rat99-m2,77,79,0
rat99-m2,78,79,0
rat99-m2,78,80,0
rat99-m2,79,69,1
rat99-m2,79,80,0
rat99-m2,80,71,0
rat99-m2,80,79,1
rat99-m2,81,72,1
rat99-m2,81,91,0
rat99-m2,81,74,0
rat99-m2,82,81,1
rat99-m2,82,92,0
rat99-m2,82,90,0
rat99-m2,82,93,0
rat99-m2,83,92,0
rat99-m2,83,72,0
rat99-m2,84,83,1
rat99-m2,84,85,0
rat99-m2,84,76,0
rat99-m2,84,94,0
rat99-m2,84,86,0
rat99-m2,84,87,0
rat99-m2,85,86,0
rat99-m2,85,84,1
rat99-m2,86,94,0
rat99-m2,86,96,1
rat99-m2,86,84,0
rat99-m2,87,86,1
rat99-m2,87,94,0
rat99-m2,88,98,0
rat99-m2,88,87,1
rat99-m2,88,96,0
rat99-m2,88,78,0
rat99-m2,89,98,1
rat99-m2,89,78,0
rat99-m2,89,80,0
rat99-m2,89,95,0
rat99-m2,89,79,0
rat99-m2,90,92,0
rat99-m2,90,82,1
rat99-m2,90,85,0
rat99-m2,91,90,1
rat99-m2,91,84,0
rat99-m2,92,91,1
rat99-m2,92,82,0
rat99-m2,93,92,1
rat99-m2,93,94,0
rat99-m2,93,85,0
rat99-m2,93,95,0
rat99-m2,94,85,1
rat99-m2,94,87,0
rat99-m2,95,94,1
rat99-m2,95,86,0
rat99-m2,96,95,1
rat99-m2,96,86,0
rat99-m2,96,89,0
rat99-m2,97,96,0
rat99-m2,97,88,1
rat99-m2,97,89,0
rat99-m2,97,87,0
rat99-m2,98,97,1
rat99-m2,98,78,0
rat99-m3,0,9,0
rat99-m3,0,2,1
rat99-m3,0,3,1
rat99-m3,0,19,1
rat99-m3,0,13,0
rat99-m3,1,10,0
rat99-m3,1,11,0
rat99-m3,1,0,1
rat99-m3,1,3,0
rat99-m3,2,12,0
rat99-m3,3,4,1
rat99-m3,3,11,0
rat99-m3,3,9,0
rat99-m3,4,13,0
rat99-m3,4,3,0
rat99-m3,4,6,1
rat99-m3,4,15,0
rat99-m3,5,13,1
rat99-m3,5,16,0
rat99-m3,6,7,1
rat99-m3,6,5,0
rat99-m3,6,4,0
rat99-m3,6,15,0
rat99-m3,6,13,0
rat99-m3,7,6,0
rat99-m3,7,8,1
rat99-m3,7,16,0
rat99-m3,8,5,1
rat99-m3,8,14,0
rat99-m3,9,10,0
rat99-m3,9,0,1
rat99-m3,9,11,0
rat99-m3,9,18,0
rat99-m3,10,1,0
rat99-m3,10,3,0
rat99-m3,10,0,1
rat99-m3,10,21,0
rat99-m3,11,1,1
rat99-m3,12,11,1
rat99-m3,12,21,0
rat99-m3,12,20,0
rat99-m3,12,22,0
rat99-m3,13,14,1
rat99-m3,13,2,0
rat99-m3,14,15,1
rat99-m3,14,13,0
rat99-m3,14,16,0
rat99-m3,14,4,0
rat99-m3,15,16,1
rat99-m3,15,24,0
rat99-m3,16,17,1
rat99-m3,16,15,0
rat99-m3,16,8,0
rat99-m3,16,23,0
rat99-m3,16,7,0
rat99-m3,17,26,1
rat99-m3,17,24,0
rat99-m3,17,14,0
rat99-m3,17,6,0
rat99-m3,18,9,1
rat99-m3,19,20,0
rat99-m3,19,12,0
rat99-m3,19,29,1
rat99-m3,19,2,0
rat99-m3,20,21,0
rat99-m3,20,29,0
rat99-m3,20,12,0
rat99-m3,21,20,0
rat99-m3,21,12,0
rat99-m3,21,19,0
rat99-m3,22,23,0
rat99-m3,22,12,1
rat99-m3,22,30,0
rat99-m3,23,22,1
rat99-m3,23,20,0
rat99-m3,24,23,1
rat99-m3,24,15,0
rat99-m3,24,16,0
rat99-m3,24,17,0
rat99-m3,25,24,1
rat99-m3,25,32,0
rat99-m3,26,35,1
rat99-m3,26,16,0
rat99-m3,27,29,0
rat99-m3,27,18,1
rat99-m3,28,36,0
rat99-m3,28,27,0
rat99-m3,28,30,0
rat99-m3,28,39,1
rat99-m3,29,28,1
rat99-m3,29,31,0
rat99-m3,29,18,0
rat99-m3,29,37,0
rat99-m3,29,40,0
rat99-m3,30,20,1
rat99-m3,31,30,1
rat99-m3,31,32,0
rat99-m3,31,29,0
rat99-m3,31,42,0
rat99-m3,31,38,0
rat99-m3,32,41,1
rat99-m3,32,25,0
rat99-m3,33,34,1
rat99-m3,34,25,1
rat99-m3,34,33,0
rat99-m3,35,43,1
rat99-m3,36,27,1
rat99-m3,37,38,0
rat99-m3,37,47,0
rat99-m3,37,39,0
rat99-m3,37,36,1
rat99-m3,38,47,1
rat99-m3,38,39,0
rat99-m3,38,49,0
rat99-m3,38,28,0
rat99-m3,39,38,1
rat99-m3,39,37,0
rat99-m3,39,31,0
rat99-m3,40,31,1
rat99-m3,40,32,0
rat99-m3,40,30,0
rat99-m3,40,49,0
rat99-m3,41,50,1
rat99-m3,42,33,1
rat99-m3,42,32,0
rat99-m3,43,33,0
rat99-m3,43,44,1
rat99-m3,43,26,0
rat99-m3,44,53,1
rat99-m3,44,52,0
rat99-m3,44,42,0
rat99-m3,45,37,1
rat99-m3,45,39,0
rat99-m3,46,56,1
rat99-m3,46,48,0
rat99-m3,47,39,0
rat99-m3,47,37,0
rat99-m3,47,46,1
rat99-m3,47,48,0
rat99-m3,48,49,1
rat99-m3,48,58,0
rat99-m3,48,50,0
rat99-m3,49,40,1
rat99-m3,50,59,1
rat99-m3,51,59,0
rat99-m3,51,42,1
rat99-m3,51,60,0
rat99-m3,52,51,1
rat99-m3,52,44,0
rat99-m3,52,62,0
rat99-m3,53,52,1
rat99-m3,53,62,0
rat99-m3,53,35,0
rat99-m3,54,45,1
rat99-m3,54,63,0
rat99-m3,54,47,0
rat99-m3,55,54,0
rat99-m3,55,65,1
rat99-m3,56,55,1
rat99-m3,56,65,0
rat99-m3,57,58,0
rat99-m3,57,48,1
rat99-m3,57,65,0
rat99-m3,58,57,1
rat99-m3,58,48,0
rat99-m3,58,66,0
rat99-m3,58,67,0
rat99-m3,59,60,1
rat99-m3,59,57,0
rat99-m3,59,56,0
rat99-m3,60,61,1
rat99-m3,60,69,0
rat99-m3,60,58,0
rat99-m3,61,62,1
rat99-m3,61,70,0
rat99-m3,61,68,0
rat99-m3,62,71,1
rat99-m3,62,70,0
rat99-m3,62,51,0
rat99-m3,62,69,0
rat99-m3,62,80,0
rat99-m3,63,73,0
rat99-m3,63,54,1
rat99-m3,63,74,0
rat99-m3,64,63,1
rat99-m3,64,74,0
rat99-m3,65,66,0
rat99-m3,65,74,1
rat99-m3,66,67,0
rat99-m3,66,58,1
rat99-m3,66,76,0
rat99-m3,66,74,0
rat99-m3,67,66,1
rat99-m3,67,76,0
rat99-m3,67,65,0
rat99-m3,67,75,0
rat99-m3,68,77,1
rat99-m3,68,67,0
rat99-m3,68,76,0
rat99-m3,68,78,0
rat99-m3,69,68,1
rat99-m3,69,78,0
rat99-m3,70,69,1
rat99-m3,70,80,0
rat99-m3,70,60,0
rat99-m3,70,78,0
rat99-m3,71,80,1
rat99-m3,71,79,0
rat99-m3,71,60,0
rat99-m3,71,68,0
rat99-m3,71,78,0
rat99-m3,72,73,1
rat99-m3,72,64,0
rat99-m3,73,74,0
rat99-m3,73,64,1
rat99-m3,73,63,0
rat99-m3,73,75,0
rat99-m3,73,55,0
rat99-m3,74,75,1
rat99-m3,74,66,0
rat99-m3,74,72,0
rat99-m3,74,84,0
rat99-m3,75,83,1
rat99-m3,75,85,0
rat99-m3,75,77,0
rat99-m3,75,65,0
rat99-m3,76,75,0
rat99-m3,76,67,1
rat99-m3,76,66,0
rat99-m3,76,68,0
rat99-m3,76,74,0
rat99-m3,77,78,1
rat99-m3,77,79,0
rat99-m3,77,75,0
rat99-m3,78,87,1
rat99-m3,78,79,0
rat99-m3,79,70,1
rat99-m3,79,69,0
rat99-m3,79,78,0
rat99-m3,79,77,0
rat99-m3,79,87,0
rat99-m3,80,79,1
rat99-m3,80,70,0
rat99-m3,80,78,0
rat99-m3,80,68,0
rat99-m3,80,89,0
rat99-m3,81,82,0
rat99-m3,81,72,1
rat99-m3,81,91,0
rat99-m3,81,75,0
rat99-m3,82,81,1
rat99-m3,82,90,0
rat99-m3,83,84,1
rat99-m3,83,82,0
rat99-m3,83,85,0
rat99-m3,84,75,0
rat99-m3,84,85,1
rat99-m3,84,76,0
rat99-m3,85,94,1
rat99-m3,86,94,0
rat99-m3,86,96,0
rat99-m3,86,76,1
rat99-m3,86,97,0
rat99-m3,87,78,0
rat99-m3,87,88,1
rat99-m3,87,77,0
rat99-m3,88,89,1
rat99-m3,88,95,0
rat99-m3,88,94,0
rat99-m3,89,98,1
rat99-m3,89,97,0
rat99-m3,89,96,0
rat99-m3,89,86,0
rat99-m3,90,91,0
rat99-m3,90,82,1
rat99-m3,90,93,0
rat99-m3,90,94,0
rat99-m3,91,90,1
rat99-m3,91,83,0
rat99-m3,92,91,1
rat99-m3,92,93,0
rat99-m3,93,92,1
rat99-m3,93,94,0
rat99-m3,94,93,1
rat99-m3,94,96,0
rat99-m3,94,83,0
rat99-m3,94,92,0
rat99-m3,94,75,0
rat99-m3,95,86,1
rat99-m3,95,97,0
rat99-m3,95,85,0
rat99-m3,95,93,0
rat99-m3,95,87,0
rat99-m3,95,88,0
rat99-m3,96,95,1
rat99-m3,97,96,1
rat99-m3,97,88,0
rat99-m3,97,86,0
rat99-m3,98,97,1
rat99-m3,98,85,0
rat99-m5,0,1,0
rat99-m5,0,10,1
rat99-m5,0,3,1
rat99-m5,0,13,1
rat99-m5,1,11,0
rat99-m5,1,0,1
rat99-m5,1,19,0
rat99-m5,2,1,0
rat99-m5,2,10,0
rat99-m5,2,13,0
rat99-m5,2,0,1
rat99-m5,3,4,1
rat99-m5,3,11,0
rat99-m5,3,1,0
rat99-m5,4,5,1
rat99-m5,4,12,0
rat99-m5,5,6,1
rat99-m5,5,13,0
rat99-m5,6,7,1
rat99-m5,6,5,0
rat99-m5,6,3,0
rat99-m5,7,8,1
rat99-m5,7,5,0
rat99-m5,7,4,0
rat99-m5,7,14,0
rat99-m5,8,7,0
rat99-m5,8,6,0
rat99-m5,8,17,1
rat99-m5,9,0,1
rat99-m5,9,2,0
rat99-m5,9,12,0
rat99-m5,10,11,0
rat99-m5,10,13,0
rat99-m5,10,21,1
rat99-m5,11,1,1
rat99-m5,11,19,0
rat99-m5,12,11,1
rat99-m5,12,20,0
rat99-m5,12,2,0
rat99-m5,13,3,0
rat99-m5,13,12,0
rat99-m5,13,14,1
rat99-m5,14,22,0
rat99-m5,14,23,1
rat99-m5,14,24,0
rat99-m5,14,21,0
rat99-m5,15,24,0
rat99-m5,15,23,0
rat99-m5,15,22,1
rat99-m5,15,5,0
rat99-m5,16,25,0
rat99-m5,16,26,1
rat99-m5,16,8,0
rat99-m5,17,16,1
rat99-m5,17,15,0
rat99-m5,17,6,0
rat99-m5,18,19,0
rat99-m5,18,27,1
rat99-m5,18,28,0
rat99-m5,18,21,0
rat99-m5,18,9,0
rat99-m5,19,18,0
rat99-m5,20,21,0
rat99-m5,22,15,0
rat99-m5,23,21,0
rat99-m5,24,23,0
rat99-m5,24,15,1
rat99-m5,24,16,0
rat99-m5,24,34,0
rat99-m5,25,24,1
rat99-m5,25,26,0
rat99-m5,25,15,0
rat99-m5,25,22,0
rat99-m5,26,34,0
rat99-m5,26,35,1
rat99-m5,27,28,0
rat99-m5,27,38,0
rat99-m5,28,29,0
rat99-m5,28,27,0
rat99-m5,28,18,0
rat99-m5,29,30,0
rat99-m5,29,20,0
rat99-m5,30,20,1
rat99-m5,30,32,0
rat99-m5,30,21,0
rat99-m5,30,38,0
rat99-m5,31,40,1
rat99-m5,31,42,0
rat99-m5,32,41,0
rat99-m5,32,42,0
rat99-m5,32,30,0
rat99-m5,33,42,1
rat99-m5,33,41,0
rat99-m5,34,35,0
rat99-m5,34,25,1
rat99-m5,34,33,0
rat99-m5,34,24,0
rat99-m5,35,34,1
rat99-m5,35,25,0
rat99-m5,36,37,0
rat99-m5,36,38,0
rat99-m5,36,39,0
rat99-m5,37,47,0
rat99-m5,37,39,0
rat99-m5,37,28,1
rat99-m5,38,47,1
rat99-m5,38,39,0
rat99-m5,38,31,0
rat99-m5,39,38,0
rat99-m5,39,49,0
rat99-m5,39,30,1
rat99-m5,40,30,0
rat99-m5,40,49,1
rat99-m5,41,32,1
rat99-m5,41,31,0
rat99-m5,41,51,0
rat99-m5,42,32,0
rat99-m5,42,43,1
rat99-m5,42,50,0
rat99-m5,43,44,1
rat99-m5,44,53,1
rat99-m5,44,41,0
rat99-m5,45,54,1
rat99-m5,45,56,0
rat99-m5,45,55,0
rat99-m5,45,39,0
rat99-m5,45,28,0
rat99-m5,46,47,0
rat99-m5,46,37,0
rat99-m5,47,45,0
rat99-m5,47,40,0
rat99-m5,48,57,0
rat99-m5,48,59,0
rat99-m5,48,56,0
rat99-m5,48,39,1
rat99-m5,49,59,1
rat99-m5,49,38,0
rat99-m5,50,41,1
rat99-m5,50,44,0
rat99-m5,51,50,1
rat99-m5,51,44,0
rat99-m5,51,53,0
rat99-m5,51,61,0
rat99-m5,52,51,1
rat99-m5,52,62,0
rat99-m5,53,44,0
rat99-m5,53,62,1
rat99-m5,53,61,0
rat99-m5,53,50,0
rat99-m5,54,45,0
rat99-m5,54,56,0
rat99-m5,54,63,1
rat99-m5,55,56,0
rat99-m5,55,46,1
rat99-m5,55,58,0
rat99-m5,56,57,0
rat99-m5,56,46,0
rat99-m5,56,65,0
rat99-m5,57,58,0
rat99-m5,58,48,1
rat99-m5,58,56,0
rat99-m5,58,60,0
rat99-m5,58,55,0
rat99-m5,59,60,1
rat99-m5,59,58,0
rat99-m5,60,61,0
rat99-m5,60,69,1
rat99-m5,60,68,0
rat99-m5,60,52,0
rat99-m5,61,60,0
rat99-m5,61,69,0
rat99-m5,61,52,1
rat99-m5,61,59,0
rat99-m5,62,71,1
rat99-m5,62,69,0
rat99-m5,62,80,0
rat99-m5,63,55,0
rat99-m5,63,73,1
rat99-m5,64,65,0
rat99-m5,64,55,1
rat99-m5,64,74,0
rat99-m5,65,64,1
rat99-m5,65,66,0
rat99-m5,65,73,0
rat99-m5,65,57,0
rat99-m5,66,67,0
rat99-m5,66,75,0
rat99-m5,66,64,0
rat99-m5,67,66,1
rat99-m5,67,76,0
rat99-m5,67,75,0
rat99-m5,67,57,0
rat99-m5,68,77,0
rat99-m5,68,79,0
rat99-m5,68,60,0
rat99-m5,68,76,0
rat99-m5,68,58,1
rat99-m5,69,79,1
rat99-m5,69,77,0
rat99-m5,69,80,0
rat99-m5,70,71,0
rat99-m5,70,68,0
rat99-m5,70,61,1
rat99-m5,70,80,0
rat99-m5,71,80,1
rat99-m5,71,78,0
rat99-m5,72,81,1
rat99-m5,72,83,0
rat99-m5,72,75,0
rat99-m5,72,64,0
rat99-m5,72,90,0
rat99-m5,73,74,0
rat99-m5,73,64,0
rat99-m5,73,72,1
rat99-m5,73,75,0
rat99-m5,73,67,0
rat99-m5,74,65,1
rat99-m5,74,83,0
rat99-m5,74,84,0
rat99-m5,75,74,1
rat99-m5,75,67,0
rat99-m5,75,66,0
rat99-m5,76,77,1
rat99-m5,76,78,0
rat99-m5,76,74,0
rat99-m5,76,87,0
rat99-m5,77,68,1
rat99-m5,77,66,0
rat99-m5,77,75,0
rat99-m5,78,87,0
rat99-m5,78,79,0
rat99-m5,78,88,1
rat99-m5,78,80,0
rat99-m5,78,70,0
rat99-m5,79,80,0
rat99-m5,79,78,1
rat99-m5,79,61,0
rat99-m5,79,60,0
rat99-m5,79,87,0
rat99-m5,80,71,0
rat99-m5,80,79,0
rat99-m5,80,70,1
rat99-m5,81,82,1
rat99-m5,81,73,0
rat99-m5,82,90,1
rat99-m5,83,84,1
rat99-m5,83,85,0
rat99-m5,84,83,0
rat99-m5,84,75,1
rat99-m5,84,86,0
rat99-m5,85,94,0
rat99-m5,85,86,1
rat99-m5,85,83,0
rat99-m5,85,93,0
rat99-m5,86,87,1
rat99-m5,86,95,0
rat99-m5,87,89,0
rat99-m5,87,76,1
rat99-m5,88,89,1
rat99-m5,88,86,0
rat99-m5,89,88,0
rat99-m5,89,98,1
rat99-m5,89,96,0
rat99-m5,90,91,1
rat99-m5,90,92,0
rat99-m5,90,82,0
rat99-m5,90,81,0
rat99-m5,90,72,0
rat99-m5,91,92,1
rat99-m5,91,82,0
rat99-m5,91,81,0
rat99-m5,92,93,1
rat99-m5,92,82,0
rat99-m5,92,84,0
rat99-m5,92,75,0
rat99-m5,93,90,0
rat99-m5,93,83,1
rat99-m5,93,84,0
rat99-m5,94,85,1
rat99-m5,94,86,0
rat99-m5,94,84,0
rat99-m5,95,96,0
rat99-m5,95,94,1
rat99-m5,95,85,0
rat99-m5,95,93,0
rat99-m5,96,95,1
rat99-m5,97,96,1
rat99-m5,97,78,0
rat99-m5,98,97,1
rat99-m5,98,89,0
rat99-m5,98,88,0
rat99-m5,98,78,0
rat99-m7,0,1,1
rat99-m7,0,9,0
rat99-m7,0,3,1
rat99-m7,0,13,0
rat99-m7,1,2,0
rat99-m7,1,11,1
rat99-m7,2,12,0
rat99-m7,2,13,0
rat99-m7,2,0,1
rat99-m7,3,4,1
rat99-m7,3,11,0
rat99-m7,3,10,0
rat99-m7,4,5,1
rat99-m7,5,6,1
rat99-m7,5,7,0
rat99-m7,6,7,1
rat99-m7,6,8,0
rat99-m7,6,17,0
rat99-m7,6,3,0
rat99-m7,7,8,1
rat99-m7,7,5,0
rat99-m7,7,24,0
rat99-m7,8,17,1
rat99-m7,8,15,0
rat99-m7,8,24,0
rat99-m7,8,26,0
rat99-m7,9,0,1
rat99-m7,9,11,0
rat99-m7,9,19,0
rat99-m7,10,9,0
rat99-m7,10,19,0
rat99-m7,10,0,1
rat99-m7,11,10,0
rat99-m7,11,1,0
rat99-m7,11,12,1
rat99-m7,12,11,0
rat99-m7,12,10,0
rat99-m7,13,11,0
rat99-m7,13,15,0
rat99-m7,13,10,0
rat99-m7,15,16,0
rat99-m7,15,25,0
rat99-m7,15,13,1
rat99-m7,16,15,1
rat99-m7,16,8,0
rat99-m7,16,34,0
rat99-m7,17,16,1
rat99-m7,17,24,0
rat99-m7,18,27,1
rat99-m7,18,10,0
rat99-m7,18,12,0
rat99-m7,19,18,0
rat99-m7,19,20,0
rat99-m7,19,12,0
rat99-m7,19,11,0
rat99-m7,20,21,0
rat99-m7,20,29,0
rat99-m7,20,12,0
rat99-m7,20,18,0
rat99-m7,21,29,0
rat99-m7,21,14,0
rat99-m7,21,13,0
rat99-m7,22,23,1
rat99-m7,23,22,0
rat99-m7,23,25,1
rat99-m7,23,15,0
rat99-m7,24,23,0
rat99-m7,24,14,1
rat99-m7,24,26,0
rat99-m7,24,17,0
rat99-m7,25,34,1
rat99-m7,26,34,0
rat99-m7,26,35,0
rat99-m7,26,24,1
rat99-m7,27,37,0
rat99-m7,28,29,0
rat99-m7,28,37,0
rat99-m7,28,30,0
rat99-m7,29,28,0
rat99-m7,29,30,0
rat99-m7,29,36,0
rat99-m7,29,37,0
rat99-m7,30,29,0
rat99-m7,30,20,1
rat99-m7,30,21,0
rat99-m7,30,38,0
rat99-m7,31,30,1
rat99-m7,31,39,0
rat99-m7,31,33,0
rat99-m7,32,42,0
rat99-m7,32,40,0
rat99-m7,33,42,1
rat99-m7,33,43,0
rat99-m7,33,34,0
rat99-m7,33,35,0
rat99-m7,34,35,1
rat99-m7,34,33,0
rat99-m7,34,23,0
rat99-m7,35,26,1
rat99-m7,35,42,0
rat99-m7,36,45,0
rat99-m7,36,18,0
rat99-m7,37,47,0
rat99-m7,37,28,1
rat99-m7,37,45,0
rat99-m7,38,47,1
rat99-m7,38,49,0
rat99-m7,38,31,0
rat99-m7,39,37,0
rat99-m7,39,31,0
rat99-m7,39,48,1
rat99-m7,39,28,0
rat99-m7,40,31,1
rat99-m7,40,41,0
rat99-m7,40,47,0
rat99-m7,41,32,1
rat99-m7,41,31,0
rat99-m7,42,33,0
rat99-m7,42,41,0
rat99-m7,42,43,1
rat99-m7,42,40,0
rat99-m7,42,34,0
rat99-m7,42,50,0
rat99-m7,43,44,1
rat99-m7,43,25,0
rat99-m7,43,26,0
rat99-m7,44,53,1
rat99-m7,44,42,0
rat99-m7,45,54,1
rat99-m7,45,47,0
rat99-m7,45,56,0
rat99-m7,46,39,0
rat99-m7,46,48,0
rat99-m7,47,38,0
rat99-m7,48,57,1
rat99-m7,49,50,0
rat99-m7,49,48,0
rat99-m7,49,40,1
rat99-m7,49,41,0
rat99-m7,50,59,0
rat99-m7,50,52,0
rat99-m7,50,41,1
rat99-m7,50,40,0
rat99-m7,51,50,1
rat99-m7,51,59,0
rat99-m7,51,41,0
rat99-m7,51,42,0
rat99-m7,52,51,1
rat99-m7,53,62,1
rat99-m7,53,60,0
rat99-m7,53,35,0
rat99-m7,54,63,1
rat99-m7,54,57,0
rat99-m7,55,56,0
rat99-m7,55,46,1
rat99-m7,56,55,0
rat99-m7,56,46,0
rat99-m7,57,58,1
rat99-m7,57,65,0
rat99-m7,58,66,0
rat99-m7,58,67,0
rat99-m7,58,68,1
rat99-m7,58,65,0
rat99-m7,59,49,1
rat99-m7,59,56,0
rat99-m7,60,61,0
rat99-m7,60,59,1
rat99-m7,60,68,0
rat99-m7,61,60,0
rat99-m7,61,52,1
rat99-m7,62,53,0
rat99-m7,62,71,1
rat99-m7,62,70,0
rat99-m7,62,69,0
rat99-m7,63,73,0
rat99-m7,63,72,1
rat99-m7,64,55,1
rat99-m7,64,63,0
rat99-m7,64,73,0
rat99-m7,64,66,0
rat99-m7,65,66,0
rat99-m7,65,73,0
rat99-m7,65,74,0
rat99-m7,65,67,0
rat99-m7,65,63,0
rat99-m7,65,56,1
rat99-m7,66,67,1
rat99-m7,66,65,0
rat99-m7,66,76,0
rat99-m7,67,66,0
rat99-m7,67,76,1
rat99-m7,67,75,0
rat99-m7,67,69,0
rat99-m7,68,77,1
rat99-m7,68,76,0
rat99-m7,69,68,0
rat99-m7,69,61,1
rat99-m7,70,79,0
rat99-m7,70,60,1
rat99-m7,70,62,0
rat99-m7,71,80,1
rat99-m7,71,70,0
rat99-m7,71,79,0
rat99-m7,71,69,0
rat99-m7,71,68,0
rat99-m7,72,81,1
rat99-m7,72,82,0
rat99-m7,72,83,0
rat99-m7,72,75,0
rat99-m7,73,65,0
rat99-m7,73,64,1
rat99-m7,73,66,0
rat99-m7,74,73,0
rat99-m7,74,65,1
rat99-m7,74,66,0
rat99-m7,75,84,1
rat99-m7,75,85,0
rat99-m7,75,77,0
rat99-m7,76,77,0
rat99-m7,76,75,1
rat99-m7,76,74,0
rat99-m7,77,76,0
rat99-m7,77,68,0
rat99-m7,77,79,0
rat99-m7,77,75,0
rat99-m7,77,87,1
rat99-m7,78,77,0
rat99-m7,78,79,1
rat99-m7,79,69,1
rat99-m7,79,87,0
rat99-m7,80,79,0
rat99-m7,80,70,1
rat99-m7,81,82,0
rat99-m7,81,90,1
rat99-m7,81,74,0
rat99-m7,82,83,0
rat99-m7,82,72,0
rat99-m7,83,84,0
rat99-m7,83,85,0
rat99-m7,83,74,1
rat99-m7,84,83,0
rat99-m7,84,85,1
rat99-m7,84,74,0
rat99-m7,84,77,0
rat99-m7,85,94,1
rat99-m7,85,84,0
rat99-m7,85,87,0
rat99-m7,85,95,0
rat99-m7,85,76,0
rat99-m7,86,85,0
rat99-m7,86,95,1
rat99-m7,86,76,0
rat99-m7,87,86,1
rat99-m7,87,78,0
rat99-m7,87,85,0
rat99-m7,87,84,0
rat99-m7,88,97,0
rat99-m7,88,78,1
rat99-m7,88,95,0
rat99-m7,89,88,1
rat99-m7,89,98,0
rat99-m7,89,96,0
rat99-m7,89,80,0
rat99-m7,89,95,0
rat99-m7,90,91,1
rat99-m7,90,82,0
rat99-m7,90,81,0
rat99-m7,90,85,0
rat99-m7,91,92,1
rat99-m7,91,93,0
rat99-m7,91,85,0
rat99-m7,92,82,1
rat99-m7,92,81,0
rat99-m7,93,90,0
rat99-m7,93,83,1
rat99-m7,94,85,0
rat99-m7,94,86,0
rat99-m7,94,84,0
rat99-m7,94,93,1
rat99-m7,94,96,0
rat99-m7,94,87,0
rat99-m7,94,92,0
rat99-m7,95,96,1
rat99-m7,96,97,1
rat99-m7,96,88,0
rat99-m7,96,87,0
rat99-m7,96,98,0
rat99-m7,97,98,1
rat99-m7,97,96,0
rat99-m7,97,78,0
rat99-m7,98,97,0
rat99-m7,98,89,1
rat99-m7,98,86,0
rat99-m7,98,78,0
rat99-m7,98,94,0
